HUYEadSbGSQNHXFmT2Ujjw,manpuku-japanese-eatery-toronto,Manpuku Japanese Eatery,https://www.yelp.com/biz/manpuku-japanese-eatery-toronto?adjust_creative=dWJeA2crTuyuRlT4LXbwew&utm_campaign=yelp_api_v3&utm_medium=api_v3_business_search&utm_source=dWJeA2crTuyuRlT4LXbwew,"{'latitude': 43.65406, 'longitude': -79.39101}","{'address1': '105 McCaul Street', 'address2': 'Unit 29-31', 'address3': '', 'city': 'Toronto', 'zip_code': 'M5T 2X4', 'country': 'CA', 'state': 'ON', 'display_address': ['105 McCaul Street', 'Unit 29-31', 'Toronto, ON M5T 2X4', 'Canada']}",+14169796763,https://s3-media1.fl.yelpcdn.com/bphoto/lPfzSgHJYzc7zdoh3GqrOw/o.jpg
KVpvE6pOPM9KMvak4HFsNg,pizzeria-libretto-toronto,Pizzeria Libretto,https://www.yelp.com/biz/pizzeria-libretto-toronto?adjust_creative=dWJeA2crTuyuRlT4LXbwew&utm_campaign=yelp_api_v3&utm_medium=api_v3_business_search&utm_source=dWJeA2crTuyuRlT4LXbwew,"{'latitude': 43.64898, 'longitude': -79.42021}","{'address1': '221 Ossington Avenue', 'address2': '', 'address3': '', 'city': 'Toronto', 'zip_code': 'M6J 2Z8', 'country': 'CA', 'state': 'ON', 'display_address': ['221 Ossington Avenue', 'Toronto, ON M6J 2Z8', 'Canada']}",+14165328000,https://s3-media1.fl.yelpcdn.com/bphoto/Nr02ftgHVzou1dEJX6Uz9w/o.jpg
eKznX8VTfcQrjCqXpeobiw,rasa-toronto,Rasa,https://www.yelp.com/biz/rasa-toronto?adjust_creative=dWJeA2crTuyuRlT4LXbwew&utm_campaign=yelp_api_v3&utm_medium=api_v3_business_search&utm_source=dWJeA2crTuyuRlT4LXbwew,"{'latitude': 43.6627752, 'longitude': -79.4039682}","{'address1': '196 Robert Street', 'address2': '', 'address3': '', 'city': 'Toronto', 'zip_code': 'M5S 2K8', 'country': 'CA', 'state': 'ON', 'display_address': ['196 Robert Street', 'Toronto, ON M5S 2K8', 'Canada']}",+16473508221,https://s3-media4.fl.yelpcdn.com/bphoto/_PtOVmb2eddLK5fduMSk_w/o.jpg
fGdUxfeEWp9pn2sAa9rv2w,roselle-toronto-3,Roselle,https://www.yelp.com/biz/roselle-toronto-3?adjust_creative=dWJeA2crTuyuRlT4LXbwew&utm_campaign=yelp_api_v3&utm_medium=api_v3_business_search&utm_source=dWJeA2crTuyuRlT4LXbwew,"{'latitude': 43.6535912, 'longitude': -79.3621063}","{'address1': '362 King Street E', 'address2': '', 'address3': '', 'city': 'Toronto', 'zip_code': 'M5A 1K9', 'country': 'CA', 'state': 'ON', 'display_address': ['362 King Street E', 'Toronto, ON M5A 1K9', 'Canada']}",+14163688188,https://s3-media4.fl.yelpcdn.com/bphoto/_GuuxeHE_cFZkv_BSeEbeQ/o.jpg
qPVqfJAzC8APF8aWGBtFRA,antler-kitchen-and-bar-toronto,Antler Kitchen & Bar,https://www.yelp.com/biz/antler-kitchen-and-bar-toronto?adjust_creative=dWJeA2crTuyuRlT4LXbwew&utm_campaign=yelp_api_v3&utm_medium=api_v3_business_search&utm_source=dWJeA2crTuyuRlT4LXbwew,"{'latitude': 43.64985, 'longitude': -79.43059}","{'address1': '1454 Dundas Street West', 'address2': '', 'address3': '', 'city': 'Toronto', 'zip_code': 'M6J 1Y6', 'country': 'CA', 'state': 'ON', 'display_address': ['1454 Dundas Street West', 'Toronto, ON M6J 1Y6', 'Canada']}",+16473458300,https://s3-media3.fl.yelpcdn.com/bphoto/RT7P13_hndFp8AMWSofyYQ/o.jpg
7oEKIG7d1ttPRejppZ3WIA,lady-marmalade-toronto,Lady Marmalade,https://www.yelp.com/biz/lady-marmalade-toronto?adjust_creative=dWJeA2crTuyuRlT4LXbwew&utm_campaign=yelp_api_v3&utm_medium=api_v3_business_search&utm_source=dWJeA2crTuyuRlT4LXbwew,"{'latitude': 43.66319, 'longitude': -79.35134}","{'address1': '265 Broadview Avenue', 'address2': '', 'address3': '', 'city': 'Toronto', 'zip_code': 'M4M 1J3', 'country': 'CA', 'state': 'ON', 'display_address': ['265 Broadview Avenue', 'Toronto, ON M4M 1J3', 'Canada']}",+16473517645,https://s3-media3.fl.yelpcdn.com/bphoto/aCG5GgyvI4xcx4nPqjqrJw/o.jpg
RwRNR4z3kY-4OsFqigY5sw,uncle-tetsus-japanese-cheesecake-toronto,Uncle Tetsu's Japanese Cheesecake,https://www.yelp.com/biz/uncle-tetsus-japanese-cheesecake-toronto?adjust_creative=dWJeA2crTuyuRlT4LXbwew&utm_campaign=yelp_api_v3&utm_medium=api_v3_business_search&utm_source=dWJeA2crTuyuRlT4LXbwew,"{'latitude': 43.65584, 'longitude': -79.38403}","{'address1': '598 Bay Street', 'address2': '', 'address3': '', 'city': 'Toronto', 'zip_code': 'M5G 1M5', 'country': 'CA', 'state': 'ON', 'display_address': ['598 Bay Street', 'Toronto, ON M5G 1M5', 'Canada']}",+14165910555,https://s3-media2.fl.yelpcdn.com/bphoto/HVm8NK0DS0O_X5T-QdUdGg/o.jpg
dAmVTQ6ukuLh4UxTmBoRkg,mahas-toronto-2,Maha's,https://www.yelp.com/biz/mahas-toronto-2?adjust_creative=dWJeA2crTuyuRlT4LXbwew&utm_campaign=yelp_api_v3&utm_medium=api_v3_business_search&utm_source=dWJeA2crTuyuRlT4LXbwew,"{'latitude': 43.67167, 'longitude': -79.32853}","{'address1': '226 Greenwood Avenue', 'address2': '', 'address3': '', 'city': 'Toronto', 'zip_code': 'M4L 2R2', 'country': 'CA', 'state': 'ON', 'display_address': ['226 Greenwood Avenue', 'Toronto, ON M4L 2R2', 'Canada']}",+14164622703,https://s3-media4.fl.yelpcdn.com/bphoto/pJ4etCCTU3HCHH-MwCW8tQ/o.jpg
TR0-w6VoZDAdvFQiq7P2Ug,millie-creperie-toronto,Millie Creperie,https://www.yelp.com/biz/millie-creperie-toronto?adjust_creative=dWJeA2crTuyuRlT4LXbwew&utm_campaign=yelp_api_v3&utm_medium=api_v3_business_search&utm_source=dWJeA2crTuyuRlT4LXbwew,"{'latitude': 43.6549488110679, 'longitude': -79.3996712565422}","{'address1': '161 Baldwin Street', 'address2': '', 'address3': '', 'city': 'Toronto', 'zip_code': 'M5T 1L8', 'country': 'CA', 'state': 'ON', 'display_address': ['161 Baldwin Street', 'Toronto, ON M5T 1L8', 'Canada']}",+14169771922,https://s3-media2.fl.yelpcdn.com/bphoto/oyIQfPMDCpXCQCUsJ3H0QA/o.jpg
47wBHgBwQ8_70sjmXow_1g,her-fathers-cider-bar-and-kitchen-toronto,Her Father's Cider Bar & Kitchen,https://www.yelp.com/biz/her-fathers-cider-bar-and-kitchen-toronto?adjust_creative=dWJeA2crTuyuRlT4LXbwew&utm_campaign=yelp_api_v3&utm_medium=api_v3_business_search&utm_source=dWJeA2crTuyuRlT4LXbwew,"{'latitude': 43.66232, 'longitude': -79.40453}","{'address1': '119 Harbord Street', 'address2': '', 'address3': '', 'city': 'Toronto', 'zip_code': 'M5S 1G7', 'country': 'CA', 'state': 'ON', 'display_address': ['119 Harbord Street', 'Toronto, ON M5S 1G7', 'Canada']}",+16473477747,https://s3-media3.fl.yelpcdn.com/bphoto/zNPbozY3u1trS76eUf1IPA/o.jpg
SjgeuBlgKER9yegpoxT99w,nomé-izakaya-toronto-2,Nomé Izakaya,https://www.yelp.com/biz/nom%C3%A9-izakaya-toronto-2?adjust_creative=dWJeA2crTuyuRlT4LXbwew&utm_campaign=yelp_api_v3&utm_medium=api_v3_business_search&utm_source=dWJeA2crTuyuRlT4LXbwew,"{'latitude': 43.7626495361328, 'longitude': -79.4114685058594}","{'address1': '4848 Yonge Street', 'address2': '', 'address3': '', 'city': 'Toronto', 'zip_code': 'M2N 5N2', 'country': 'CA', 'state': 'ON', 'display_address': ['4848 Yonge Street', 'Toronto, ON M2N 5N2', 'Canada']}",+16473477937,https://s3-media2.fl.yelpcdn.com/bphoto/ubwp-8bPuJTF6Br4LAiRbw/o.jpg
kYD9E14AijONhJ7rFsyLrg,the-elm-tree-restaurant-toronto,The Elm Tree Restaurant,https://www.yelp.com/biz/the-elm-tree-restaurant-toronto?adjust_creative=dWJeA2crTuyuRlT4LXbwew&utm_campaign=yelp_api_v3&utm_medium=api_v3_business_search&utm_source=dWJeA2crTuyuRlT4LXbwew,"{'latitude': 43.6572873032448, 'longitude': -79.3836965529587}","{'address1': '43 Elm Street', 'address2': '', 'address3': '', 'city': 'Toronto', 'zip_code': 'M5G 1H1', 'country': 'CA', 'state': 'ON', 'display_address': ['43 Elm Street', 'Toronto, ON M5G 1H1', 'Canada']}",+14169017339,https://s3-media2.fl.yelpcdn.com/bphoto/7M3E8_PPWTdSiSXnX5Fp1A/o.jpg
4m_hApwQ054v3ue_OxFmGw,patria-toronto,Patria,https://www.yelp.com/biz/patria-toronto?adjust_creative=dWJeA2crTuyuRlT4LXbwew&utm_campaign=yelp_api_v3&utm_medium=api_v3_business_search&utm_source=dWJeA2crTuyuRlT4LXbwew,"{'latitude': 43.6455399, 'longitude': -79.39641}","{'address1': '480 King Street W', 'address2': '', 'address3': '', 'city': 'Toronto', 'zip_code': 'M5V 1L7', 'country': 'CA', 'state': 'ON', 'display_address': ['480 King Street W', 'Toronto, ON M5V 1L7', 'Canada']}",+14163670505,https://s3-media3.fl.yelpcdn.com/bphoto/DwosQ6g-csJNpjOvCzW8DA/o.jpg
AUv2UoAAi7VASJ6VK5lOlw,kensington-market-toronto,Kensington Market,https://www.yelp.com/biz/kensington-market-toronto?adjust_creative=dWJeA2crTuyuRlT4LXbwew&utm_campaign=yelp_api_v3&utm_medium=api_v3_business_search&utm_source=dWJeA2crTuyuRlT4LXbwew,"{'latitude': 43.6545216337702, 'longitude': -79.4018411636353}","{'address1': 'Kensington Avenue', 'address2': '', 'address3': '', 'city': 'Toronto', 'zip_code': 'M5T 2K2', 'country': 'CA', 'state': 'ON', 'display_address': ['Kensington Avenue', 'Toronto, ON M5T 2K2', 'Canada']}",+14165930616,https://s3-media3.fl.yelpcdn.com/bphoto/smJjzgD2ULGhfpL-IoxkBw/o.jpg
mG71gQ5HWl7ut9OCN6NJKA,360-restaurant-toronto-2,360 Restaurant,https://www.yelp.com/biz/360-restaurant-toronto-2?adjust_creative=dWJeA2crTuyuRlT4LXbwew&utm_campaign=yelp_api_v3&utm_medium=api_v3_business_search&utm_source=dWJeA2crTuyuRlT4LXbwew,"{'latitude': 43.642768093479, 'longitude': -79.3870997428894}","{'address1': 'CN Tower', 'address2': '301 Front Street W', 'address3': '', 'city': 'Toronto', 'zip_code': 'M5V 2T6', 'country': 'CA', 'state': 'ON', 'display_address': ['CN Tower', '301 Front Street W', 'Toronto, ON M5V 2T6', 'Canada']}",+14163625411,https://s3-media1.fl.yelpcdn.com/bphoto/FxIMwW894h8WDMshNwOqFw/o.jpg
Sk0Ycurq7D083Qs8x65b_Q,george-toronto,George,https://www.yelp.com/biz/george-toronto?adjust_creative=dWJeA2crTuyuRlT4LXbwew&utm_campaign=yelp_api_v3&utm_medium=api_v3_business_search&utm_source=dWJeA2crTuyuRlT4LXbwew,"{'latitude': 43.65323, 'longitude': -79.37446}","{'address1': '111 Queen Street E', 'address2': '', 'address3': '', 'city': 'Toronto', 'zip_code': 'M5C 1S2', 'country': 'CA', 'state': 'ON', 'display_address': ['111 Queen Street E', 'Toronto, ON M5C 1S2', 'Canada']}",+14168636006,https://s3-media3.fl.yelpcdn.com/bphoto/2Ay3Zmf47NeTGH_ghy2PKw/o.jpg
cQK9M2JAwETQnnBoYyua5A,the-senator-toronto,The Senator,https://www.yelp.com/biz/the-senator-toronto?adjust_creative=dWJeA2crTuyuRlT4LXbwew&utm_campaign=yelp_api_v3&utm_medium=api_v3_business_search&utm_source=dWJeA2crTuyuRlT4LXbwew,"{'latitude': 43.65574, 'longitude': -79.37896}","{'address1': '249 Victoria Street', 'address2': '', 'address3': '', 'city': 'Toronto', 'zip_code': 'M5B 1T8', 'country': 'CA', 'state': 'ON', 'display_address': ['249 Victoria Street', 'Toronto, ON M5B 1T8', 'Canada']}",+14163647517,https://s3-media3.fl.yelpcdn.com/bphoto/-YxCyds-0w13s0oGp88-Kg/o.jpg
cj_9eTPR0JBqk9qt2VmzFw,hodo-kwaja-toronto,Hodo Kwaja,https://www.yelp.com/biz/hodo-kwaja-toronto?adjust_creative=dWJeA2crTuyuRlT4LXbwew&utm_campaign=yelp_api_v3&utm_medium=api_v3_business_search&utm_source=dWJeA2crTuyuRlT4LXbwew,"{'latitude': 43.66438, 'longitude': -79.41557}","{'address1': '656 Bloor Street W', 'address2': '', 'address3': '', 'city': 'Toronto', 'zip_code': 'M6G 1K9', 'country': 'CA', 'state': 'ON', 'display_address': ['656 Bloor Street W', 'Toronto, ON M6G 1K9', 'Canada']}",+14165381208,https://s3-media3.fl.yelpcdn.com/bphoto/pwcNveGPxthMfgHpLG0sQw/o.jpg
m3U4Pey_Yr0jgJb8MHfy5g,rasta-pasta-toronto-2,Rasta Pasta,https://www.yelp.com/biz/rasta-pasta-toronto-2?adjust_creative=dWJeA2crTuyuRlT4LXbwew&utm_campaign=yelp_api_v3&utm_medium=api_v3_business_search&utm_source=dWJeA2crTuyuRlT4LXbwew,"{'latitude': 43.6542328627147, 'longitude': -79.4004420356637}","{'address1': '61 Kensington Avenue', 'address2': '', 'address3': '', 'city': 'Toronto', 'zip_code': 'M5T', 'country': 'CA', 'state': 'ON', 'display_address': ['61 Kensington Avenue', 'Toronto, ON M5T', 'Canada']}",+16475014505,https://s3-media3.fl.yelpcdn.com/bphoto/eVNRPLEp16x7RXvd0jABHw/o.jpg
O_UC_izJXcAmkm6HlEyGSA,playa-cabana-toronto,Playa Cabana,https://www.yelp.com/biz/playa-cabana-toronto?adjust_creative=dWJeA2crTuyuRlT4LXbwew&utm_campaign=yelp_api_v3&utm_medium=api_v3_business_search&utm_source=dWJeA2crTuyuRlT4LXbwew,"{'latitude': 43.6759577692695, 'longitude': -79.4011840224266}","{'address1': '111 Dupont Street', 'address2': '', 'address3': '', 'city': 'Toronto', 'zip_code': 'M5R 1V4', 'country': 'CA', 'state': 'ON', 'display_address': ['111 Dupont Street', 'Toronto, ON M5R 1V4', 'Canada']}",+14169293911,https://s3-media1.fl.yelpcdn.com/bphoto/7XPqyMO4KYppNbsKccwqyA/o.jpg
jc3p5SFyt9qrrMXt6E13ig,tsujiri-toronto-4,Tsujiri,https://www.yelp.com/biz/tsujiri-toronto-4?adjust_creative=dWJeA2crTuyuRlT4LXbwew&utm_campaign=yelp_api_v3&utm_medium=api_v3_business_search&utm_source=dWJeA2crTuyuRlT4LXbwew,"{'latitude': 43.6552918174341, 'longitude': -79.3853147814892}","{'address1': '147 Dundas Street', 'address2': '', 'address3': '', 'city': 'Toronto', 'zip_code': 'M5G 1P5', 'country': 'CA', 'state': 'ON', 'display_address': ['147 Dundas Street', 'Toronto, ON M5G 1P5', 'Canada']}",+16479391860,https://s3-media3.fl.yelpcdn.com/bphoto/v_iJ6tCpXUJj3E9IfxceMA/o.jpg
BWCfyBdnTvuXp6A_8wt8cA,ikkousha-ramen-toronto-2,Ikkousha Ramen,https://www.yelp.com/biz/ikkousha-ramen-toronto-2?adjust_creative=dWJeA2crTuyuRlT4LXbwew&utm_campaign=yelp_api_v3&utm_medium=api_v3_business_search&utm_source=dWJeA2crTuyuRlT4LXbwew,"{'latitude': 43.65024, 'longitude': -79.38873}","{'address1': '249 Queen Street W', 'address2': None, 'address3': '', 'city': 'Toronto', 'zip_code': 'M5V 1Z4', 'country': 'CA', 'state': 'ON', 'display_address': ['249 Queen Street W', 'Toronto, ON M5V 1Z4', 'Canada']}",+14169012249,https://s3-media4.fl.yelpcdn.com/bphoto/s-A1kwoJRYI5Dna4slOscA/o.jpg
tCjlXROlbcaGiBRfU2jaiw,the-keg-steakhouse-bar-mansion-toronto,The Keg Steakhouse + Bar - Mansion,https://www.yelp.com/biz/the-keg-steakhouse-bar-mansion-toronto?adjust_creative=dWJeA2crTuyuRlT4LXbwew&utm_campaign=yelp_api_v3&utm_medium=api_v3_business_search&utm_source=dWJeA2crTuyuRlT4LXbwew,"{'latitude': 43.66683, 'longitude': -79.37788}","{'address1': '515 Jarvis Street', 'address2': '', 'address3': '', 'city': 'Toronto', 'zip_code': 'M4Y 2H7', 'country': 'CA', 'state': 'ON', 'display_address': ['515 Jarvis Street', 'Toronto, ON M4Y 2H7', 'Canada']}",+14169646609,https://s3-media3.fl.yelpcdn.com/bphoto/sxWrSSpkwtcSLhYw56kDBw/o.jpg
W5d8iNog90R-qw43m5dGwg,café-polonez-toronto-2,Café Polonez,https://www.yelp.com/biz/caf%C3%A9-polonez-toronto-2?adjust_creative=dWJeA2crTuyuRlT4LXbwew&utm_campaign=yelp_api_v3&utm_medium=api_v3_business_search&utm_source=dWJeA2crTuyuRlT4LXbwew,"{'latitude': 43.64514, 'longitude': -79.44831}","{'address1': '195 Roncesvalles Avenue', 'address2': '', 'address3': '', 'city': 'Toronto', 'zip_code': 'M6R 2L5', 'country': 'CA', 'state': 'ON', 'display_address': ['195 Roncesvalles Avenue', 'Toronto, ON M6R 2L5', 'Canada']}",+14165328432,https://s3-media2.fl.yelpcdn.com/bphoto/-TeiXJb4CtE_gTpL8iIbdQ/o.jpg
uPa5hrWmHm0n1l4MSyVMGQ,aloette-toronto-3,Aloette,https://www.yelp.com/biz/aloette-toronto-3?adjust_creative=dWJeA2crTuyuRlT4LXbwew&utm_campaign=yelp_api_v3&utm_medium=api_v3_business_search&utm_source=dWJeA2crTuyuRlT4LXbwew,"{'latitude': 43.64851, 'longitude': -79.39584}","{'address1': '163 Spadina Avenue', 'address2': '1st Floor', 'address3': None, 'city': 'Toronto', 'zip_code': 'M5V 2A5', 'country': 'CA', 'state': 'ON', 'display_address': ['163 Spadina Avenue', '1st Floor', 'Toronto, ON M5V 2A5', 'Canada']}",+14162603444,https://s3-media2.fl.yelpcdn.com/bphoto/88RGZstg6OX0_BzMNu7bFQ/o.jpg
KWojrEKjUqHCRI5HO7pB4g,ago-art-gallery-of-ontario-toronto,AGO - Art Gallery of Ontario,https://www.yelp.com/biz/ago-art-gallery-of-ontario-toronto?adjust_creative=dWJeA2crTuyuRlT4LXbwew&utm_campaign=yelp_api_v3&utm_medium=api_v3_business_search&utm_source=dWJeA2crTuyuRlT4LXbwew,"{'latitude': 43.6536766, 'longitude': -79.3923394}","{'address1': '317 Dundas Street W', 'address2': '', 'address3': '', 'city': 'Toronto', 'zip_code': 'M5T 1G4', 'country': 'CA', 'state': 'ON', 'display_address': ['317 Dundas Street W', 'Toronto, ON M5T 1G4', 'Canada']}",+14169796688,https://s3-media1.fl.yelpcdn.com/bphoto/NJ09JUq8xVAOM8I-8DTsrg/o.jpg
g3t2AQQVT2tWD64Huu7xVA,royal-ontario-museum-toronto,Royal Ontario Museum,https://www.yelp.com/biz/royal-ontario-museum-toronto?adjust_creative=dWJeA2crTuyuRlT4LXbwew&utm_campaign=yelp_api_v3&utm_medium=api_v3_business_search&utm_source=dWJeA2crTuyuRlT4LXbwew,"{'latitude': 43.6682441250201, 'longitude': -79.3947601318359}","{'address1': ""100 Queen's Park"", 'address2': '', 'address3': '', 'city': 'Toronto', 'zip_code': 'M5S 2C6', 'country': 'CA', 'state': 'ON', 'display_address': [""100 Queen's Park"", 'Toronto, ON M5S 2C6', 'Canada']}",+14165868000,https://s3-media1.fl.yelpcdn.com/bphoto/0t1VXlaMq23qBNuhM9GTlw/o.jpg
-BbnAc9YEO6pjvJGEtFbVQ,sansotei-toronto,Sansotei,https://www.yelp.com/biz/sansotei-toronto?adjust_creative=dWJeA2crTuyuRlT4LXbwew&utm_campaign=yelp_api_v3&utm_medium=api_v3_business_search&utm_source=dWJeA2crTuyuRlT4LXbwew,"{'latitude': 43.6668190173642, 'longitude': -79.3854692490327}","{'address1': '650 Yonge Street', 'address2': '', 'address3': '', 'city': 'Toronto', 'zip_code': 'M4Y 2A6', 'country': 'CA', 'state': 'ON', 'display_address': ['650 Yonge Street', 'Toronto, ON M4Y 2A6', 'Canada']}",+16473493833,https://s3-media1.fl.yelpcdn.com/bphoto/KmDb0ngfVyzrEUx5lxsPJQ/o.jpg
XrcB7Of1KfHlkeXYpHLIrw,tibet-kitchen-toronto,Tibet Kitchen,https://www.yelp.com/biz/tibet-kitchen-toronto?adjust_creative=dWJeA2crTuyuRlT4LXbwew&utm_campaign=yelp_api_v3&utm_medium=api_v3_business_search&utm_source=dWJeA2crTuyuRlT4LXbwew,"{'latitude': 43.640095, 'longitude': -79.439659}","{'address1': '1544 Queen Street W', 'address2': None, 'address3': '', 'city': 'Toronto', 'zip_code': 'M6R 1A6', 'country': 'CA', 'state': 'ON', 'display_address': ['1544 Queen Street W', 'Toronto, ON M6R 1A6', 'Canada']}",+14169138726,https://s3-media3.fl.yelpcdn.com/bphoto/Lf174giflO-mby95G_f20w/o.jpg
-ICGmF2qUVKdvOehVNgPbg,lamesa-filipino-kitchen-toronto,Lamesa Filipino Kitchen,https://www.yelp.com/biz/lamesa-filipino-kitchen-toronto?adjust_creative=dWJeA2crTuyuRlT4LXbwew&utm_campaign=yelp_api_v3&utm_medium=api_v3_business_search&utm_source=dWJeA2crTuyuRlT4LXbwew,"{'latitude': 43.682297, 'longitude': -79.423948}","{'address1': '634 St Clair Avenue W', 'address2': '', 'address3': '', 'city': 'Toronto', 'zip_code': 'M6C 1A9', 'country': 'CA', 'state': 'ON', 'display_address': ['634 St Clair Avenue W', 'Toronto, ON M6C 1A9', 'Canada']}",+16473431110,https://s3-media3.fl.yelpcdn.com/bphoto/gnyWkK7Mba7sL0w79wgHdg/o.jpg
mBOIef7a4hONEbSi_ai8Bw,beast-restaurant-toronto-2,Beast Restaurant,https://www.yelp.com/biz/beast-restaurant-toronto-2?adjust_creative=dWJeA2crTuyuRlT4LXbwew&utm_campaign=yelp_api_v3&utm_medium=api_v3_business_search&utm_source=dWJeA2crTuyuRlT4LXbwew,"{'latitude': 43.64408, 'longitude': -79.4057799}","{'address1': '96 Tecumseth Street', 'address2': '', 'address3': '', 'city': 'Toronto', 'zip_code': 'M6J 2H1', 'country': 'CA', 'state': 'ON', 'display_address': ['96 Tecumseth Street', 'Toronto, ON M6J 2H1', 'Canada']}",+16473526000,https://s3-media2.fl.yelpcdn.com/bphoto/zoIk73jEF5icG7NjUl8I2w/o.jpg
j0aiaJkrU-5VgbCsdx-txg,chris-jerk-caribbean-bistro-toronto,Chris Jerk Caribbean Bistro,https://www.yelp.com/biz/chris-jerk-caribbean-bistro-toronto?adjust_creative=dWJeA2crTuyuRlT4LXbwew&utm_campaign=yelp_api_v3&utm_medium=api_v3_business_search&utm_source=dWJeA2crTuyuRlT4LXbwew,"{'latitude': 43.789649473453, 'longitude': -79.3024008755197}","{'address1': '2570 Birchmount Road', 'address2': '', 'address3': '', 'city': 'Toronto', 'zip_code': 'M1T 2M5', 'country': 'CA', 'state': 'ON', 'display_address': ['2570 Birchmount Road', 'Toronto, ON M1T 2M5', 'Canada']}",+14162975375,https://s3-media3.fl.yelpcdn.com/bphoto/OdZQzuEBoprSFTcBsxPmZA/o.jpg
8I5U8OQ06nSxX2y4PPOWzQ,japango-toronto,Japango,https://www.yelp.com/biz/japango-toronto?adjust_creative=dWJeA2crTuyuRlT4LXbwew&utm_campaign=yelp_api_v3&utm_medium=api_v3_business_search&utm_source=dWJeA2crTuyuRlT4LXbwew,"{'latitude': 43.6551, 'longitude': -79.38524}","{'address1': '122 Elizabeth Street', 'address2': '', 'address3': '', 'city': 'Toronto', 'zip_code': 'M5G 1P5', 'country': 'CA', 'state': 'ON', 'display_address': ['122 Elizabeth Street', 'Toronto, ON M5G 1P5', 'Canada']}",+14165995557,https://s3-media1.fl.yelpcdn.com/bphoto/ZN7k0UMkDLM9zKb5fXv1Ig/o.jpg
KpEu3vvj1ruoID0T3lmD4Q,mira-toronto,Mira,https://www.yelp.com/biz/mira-toronto?adjust_creative=dWJeA2crTuyuRlT4LXbwew&utm_campaign=yelp_api_v3&utm_medium=api_v3_business_search&utm_source=dWJeA2crTuyuRlT4LXbwew,"{'latitude': 43.64417, 'longitude': -79.39639}","{'address1': '420A Wellington Street W', 'address2': None, 'address3': None, 'city': 'Toronto', 'zip_code': 'M5V 1E3', 'country': 'CA', 'state': 'ON', 'display_address': ['420A Wellington Street W', 'Toronto, ON M5V 1E3', 'Canada']}",+16479513331,https://s3-media3.fl.yelpcdn.com/bphoto/NQPbUYfeHQrh-9dUEqMnqQ/o.jpg
IRF1hPi3GuxJ-EpoEpzI7Q,hockey-hall-of-fame-toronto,Hockey Hall of Fame,https://www.yelp.com/biz/hockey-hall-of-fame-toronto?adjust_creative=dWJeA2crTuyuRlT4LXbwew&utm_campaign=yelp_api_v3&utm_medium=api_v3_business_search&utm_source=dWJeA2crTuyuRlT4LXbwew,"{'latitude': 43.6469506219313, 'longitude': -79.3772372096349}","{'address1': 'Brookfield Place', 'address2': '30 Yonge Street', 'address3': '', 'city': 'Toronto', 'zip_code': 'M5E 1X8', 'country': 'CA', 'state': 'ON', 'display_address': ['Brookfield Place', '30 Yonge Street', 'Toronto, ON M5E 1X8', 'Canada']}",+14163607765,https://s3-media1.fl.yelpcdn.com/bphoto/Eam2hKBPXhNZXRjEBTtWuA/o.jpg
jTZYireK6pnPb6Rni0jygw,wow-sushi-toronto,Wow Sushi,https://www.yelp.com/biz/wow-sushi-toronto?adjust_creative=dWJeA2crTuyuRlT4LXbwew&utm_campaign=yelp_api_v3&utm_medium=api_v3_business_search&utm_source=dWJeA2crTuyuRlT4LXbwew,"{'latitude': 43.6685157490107, 'longitude': -79.3868207931519}","{'address1': '11 Charles Street', 'address2': '', 'address3': '', 'city': 'Toronto', 'zip_code': 'M4Y 1R4', 'country': 'CA', 'state': 'ON', 'display_address': ['11 Charles Street', 'Toronto, ON M4Y 1R4', 'Canada']}",+14169231888,https://s3-media3.fl.yelpcdn.com/bphoto/DXO0iFlNIUZqbBwmG1F0xg/o.jpg
O-b5osM0NO4f31dp6_DatQ,nadege-toronto,Nadege,https://www.yelp.com/biz/nadege-toronto?adjust_creative=dWJeA2crTuyuRlT4LXbwew&utm_campaign=yelp_api_v3&utm_medium=api_v3_business_search&utm_source=dWJeA2crTuyuRlT4LXbwew,"{'latitude': 43.6458059426276, 'longitude': -79.4114097682563}","{'address1': '780 Queen Street W', 'address2': '', 'address3': '', 'city': 'Toronto', 'zip_code': 'M6J 1G2', 'country': 'CA', 'state': 'ON', 'display_address': ['780 Queen Street W', 'Toronto, ON M6J 1G2', 'Canada']}",+14162032009,https://s3-media1.fl.yelpcdn.com/bphoto/6kgNwxd1jmOZ5a2Yo6BDrw/o.jpg
-av1lZI1JDY_RZN2eTMnWg,salad-king-restaurant-toronto-2,Salad King Restaurant,https://www.yelp.com/biz/salad-king-restaurant-toronto-2?adjust_creative=dWJeA2crTuyuRlT4LXbwew&utm_campaign=yelp_api_v3&utm_medium=api_v3_business_search&utm_source=dWJeA2crTuyuRlT4LXbwew,"{'latitude': 43.65766, 'longitude': -79.38164}","{'address1': '340 Yonge Street', 'address2': '', 'address3': '', 'city': 'Toronto', 'zip_code': 'M5B 1R8', 'country': 'CA', 'state': 'ON', 'display_address': ['340 Yonge Street', 'Toronto, ON M5B 1R8', 'Canada']}",+14165930333,https://s3-media2.fl.yelpcdn.com/bphoto/UiYWvhPyqhoRNbdorQ3t2w/o.jpg
b7wUWVV01xaa7E0FUNMDiw,dailo-toronto,DaiLo,https://www.yelp.com/biz/dailo-toronto?adjust_creative=dWJeA2crTuyuRlT4LXbwew&utm_campaign=yelp_api_v3&utm_medium=api_v3_business_search&utm_source=dWJeA2crTuyuRlT4LXbwew,"{'latitude': 43.65574, 'longitude': -79.4098}","{'address1': '503 College Street', 'address2': '', 'address3': '', 'city': 'Toronto', 'zip_code': 'M6G 1A5', 'country': 'CA', 'state': 'ON', 'display_address': ['503 College Street', 'Toronto, ON M6G 1A5', 'Canada']}",+16473418882,https://s3-media2.fl.yelpcdn.com/bphoto/6M737rNlR2SqHUkAoU37jg/o.jpg
_cjPEH9wXhKS-HQe_U3M4Q,le-sélect-bistro-toronto-3,Le Sélect Bistro,https://www.yelp.com/biz/le-s%C3%A9lect-bistro-toronto-3?adjust_creative=dWJeA2crTuyuRlT4LXbwew&utm_campaign=yelp_api_v3&utm_medium=api_v3_business_search&utm_source=dWJeA2crTuyuRlT4LXbwew,"{'latitude': 43.643784032883, 'longitude': -79.39680918669}","{'address1': '432 Wellington Street W', 'address2': '', 'address3': '', 'city': 'Toronto', 'zip_code': 'M5V 1E3', 'country': 'CA', 'state': 'ON', 'display_address': ['432 Wellington Street W', 'Toronto, ON M5V 1E3', 'Canada']}",+14165966405,https://s3-media3.fl.yelpcdn.com/bphoto/Q1ffNdVSaYh1NJMHOG4yIw/o.jpg
zA6gnF5aPBGoOm6uIbKt-A,yuzu-no-hana-toronto,Yuzu No Hana,https://www.yelp.com/biz/yuzu-no-hana-toronto?adjust_creative=dWJeA2crTuyuRlT4LXbwew&utm_campaign=yelp_api_v3&utm_medium=api_v3_business_search&utm_source=dWJeA2crTuyuRlT4LXbwew,"{'latitude': 43.64847, 'longitude': -79.38834}","{'address1': '236 Adelaide Street W', 'address2': '', 'address3': '', 'city': 'Toronto', 'zip_code': 'M5H 1W7', 'country': 'CA', 'state': 'ON', 'display_address': ['236 Adelaide Street W', 'Toronto, ON M5H 1W7', 'Canada']}",+14162059808,https://s3-media3.fl.yelpcdn.com/bphoto/77iVVcXOeiRtNqzgKOaLqA/o.jpg
yY3jNsrpCyKTqQuRuLV8gw,cactus-club-cafe-toronto,Cactus Club Cafe,https://www.yelp.com/biz/cactus-club-cafe-toronto?adjust_creative=dWJeA2crTuyuRlT4LXbwew&utm_campaign=yelp_api_v3&utm_medium=api_v3_business_search&utm_source=dWJeA2crTuyuRlT4LXbwew,"{'latitude': 43.6493899, 'longitude': -79.38214}","{'address1': '77 Adelaide Street W', 'address2': '', 'address3': '', 'city': 'Toronto', 'zip_code': 'M5H 1P9', 'country': 'CA', 'state': 'ON', 'display_address': ['77 Adelaide Street W', 'Toronto, ON M5H 1P9', 'Canada']}",+16477482025,https://s3-media1.fl.yelpcdn.com/bphoto/WIfNAqRQAHshNZCYfLR8Lg/o.jpg
yg_A_TpYkJjr1fef0J6QkQ,konjiki-ramen-toronto,Konjiki Ramen,https://www.yelp.com/biz/konjiki-ramen-toronto?adjust_creative=dWJeA2crTuyuRlT4LXbwew&utm_campaign=yelp_api_v3&utm_medium=api_v3_business_search&utm_source=dWJeA2crTuyuRlT4LXbwew,"{'latitude': 43.76719, 'longitude': -79.41198}","{'address1': '5051 Yonge Street', 'address2': '', 'address3': None, 'city': 'Toronto', 'zip_code': 'M2N 5P2', 'country': 'CA', 'state': 'ON', 'display_address': ['5051 Yonge Street', 'Toronto, ON M2N 5P2', 'Canada']}",+16473507766,https://s3-media3.fl.yelpcdn.com/bphoto/BEP1k8bxnMcZUsMVTWX_Rg/o.jpg
C6vH0qzmcerMkiJy3VO9qA,estiatorio-volos-toronto,Estiatorio VOLOS,https://www.yelp.com/biz/estiatorio-volos-toronto?adjust_creative=dWJeA2crTuyuRlT4LXbwew&utm_campaign=yelp_api_v3&utm_medium=api_v3_business_search&utm_source=dWJeA2crTuyuRlT4LXbwew,"{'latitude': 43.65016, 'longitude': -79.38477}","{'address1': '133 Richmond St W', 'address2': '', 'address3': '', 'city': 'Toronto', 'zip_code': 'M5H 2L3', 'country': 'CA', 'state': 'ON', 'display_address': ['133 Richmond St W', 'Toronto, ON M5H 2L3', 'Canada']}",+14168611211,https://s3-media1.fl.yelpcdn.com/bphoto/fAU3xK_vX_d1QNcct4eAVA/o.jpg
b4LmLgVdbhM-nc1IZc5Weg,rodneys-oyster-house-toronto,Rodney's Oyster House,https://www.yelp.com/biz/rodneys-oyster-house-toronto?adjust_creative=dWJeA2crTuyuRlT4LXbwew&utm_campaign=yelp_api_v3&utm_medium=api_v3_business_search&utm_source=dWJeA2crTuyuRlT4LXbwew,"{'latitude': 43.644948, 'longitude': -79.396846}","{'address1': '469 King Street W', 'address2': '', 'address3': '', 'city': 'Toronto', 'zip_code': 'M5V 1K4', 'country': 'CA', 'state': 'ON', 'display_address': ['469 King Street W', 'Toronto, ON M5V 1K4', 'Canada']}",+14163638105,https://s3-media1.fl.yelpcdn.com/bphoto/Zh7CaiCqVS7kCtnMVhY1uQ/o.jpg
35SEr0cPTuoBJ1DYQ686pA,katsuya-toronto-10,Katsuya,https://www.yelp.com/biz/katsuya-toronto-10?adjust_creative=dWJeA2crTuyuRlT4LXbwew&utm_campaign=yelp_api_v3&utm_medium=api_v3_business_search&utm_source=dWJeA2crTuyuRlT4LXbwew,"{'latitude': 43.7899221078355, 'longitude': -79.4184596229012}","{'address1': '6048 Yonge Street', 'address2': '', 'address3': None, 'city': 'Toronto', 'zip_code': 'M2M 3W5', 'country': 'CA', 'state': 'ON', 'display_address': ['6048 Yonge Street', 'Toronto, ON M2M 3W5', 'Canada']}",+16477296161,https://s3-media2.fl.yelpcdn.com/bphoto/IiuoVLaHunqV5GGDMmq7XQ/o.jpg
QNfh79NwsNnl-AngRhg2ww,kingyo-izakaya-toronto,Kingyo Izakaya,https://www.yelp.com/biz/kingyo-izakaya-toronto?adjust_creative=dWJeA2crTuyuRlT4LXbwew&utm_campaign=yelp_api_v3&utm_medium=api_v3_business_search&utm_source=dWJeA2crTuyuRlT4LXbwew,"{'latitude': 43.6658629, 'longitude': -79.3681972}","{'address1': '51B Winchester Street', 'address2': '', 'address3': '', 'city': 'Toronto', 'zip_code': 'M4X 1R7', 'country': 'CA', 'state': 'ON', 'display_address': ['51B Winchester Street', 'Toronto, ON M4X 1R7', 'Canada']}",+16477482121,https://s3-media2.fl.yelpcdn.com/bphoto/2xRb7xMlZZvfeGuiuNDtXg/o.jpg
4Jscimulh38Rq2hOgjb2Hg,strange-love-toronto-2,Strange Love,https://www.yelp.com/biz/strange-love-toronto-2?adjust_creative=dWJeA2crTuyuRlT4LXbwew&utm_campaign=yelp_api_v3&utm_medium=api_v3_business_search&utm_source=dWJeA2crTuyuRlT4LXbwew,"{'latitude': 43.6463302208773, 'longitude': -79.395091128185}","{'address1': '101 Spadina Avenue', 'address2': '', 'address3': None, 'city': 'Toronto', 'zip_code': 'M5V 2K2', 'country': 'CA', 'state': 'ON', 'display_address': ['101 Spadina Avenue', 'Toronto, ON M5V 2K2', 'Canada']}",+14167924844,https://s3-media1.fl.yelpcdn.com/bphoto/3iRnqr_6P-qreNj7vAbadw/o.jpg
41o1FUbCYKJv2djtnlkzlg,bar-raval-toronto,Bar Raval,https://www.yelp.com/biz/bar-raval-toronto?adjust_creative=dWJeA2crTuyuRlT4LXbwew&utm_campaign=yelp_api_v3&utm_medium=api_v3_business_search&utm_source=dWJeA2crTuyuRlT4LXbwew,"{'latitude': 43.6558432, 'longitude': -79.4099433}","{'address1': '505 College Street', 'address2': '', 'address3': '', 'city': 'Toronto', 'zip_code': 'M6G 2J3', 'country': 'CA', 'state': 'ON', 'display_address': ['505 College Street', 'Toronto, ON M6G 2J3', 'Canada']}",+16473448001,https://s3-media4.fl.yelpcdn.com/bphoto/vSHLfEfdrQkJJi7mRk4VFw/o.jpg
7qHU_Zh5qEJP3DaaBHqWBg,saigon-lotus-toronto-3,Saigon Lotus,https://www.yelp.com/biz/saigon-lotus-toronto-3?adjust_creative=dWJeA2crTuyuRlT4LXbwew&utm_campaign=yelp_api_v3&utm_medium=api_v3_business_search&utm_source=dWJeA2crTuyuRlT4LXbwew,"{'latitude': 43.65449, 'longitude': -79.39928}","{'address1': '6 St Andrew Street', 'address2': None, 'address3': '', 'city': 'Toronto', 'zip_code': 'M5T 1K6', 'country': 'CA', 'state': 'ON', 'display_address': ['6 St Andrew Street', 'Toronto, ON M5T 1K6', 'Canada']}",+14169011115,https://s3-media3.fl.yelpcdn.com/bphoto/3mJmSz6xg52MJAGEUaYYgw/o.jpg
