r_BrIgzYcwo1NAuG9dLbpg,pai-northern-thai-kitchen-toronto-5,Pai Northern Thai Kitchen,https://www.yelp.com/biz/pai-northern-thai-kitchen-toronto-5?adjust_creative=dWJeA2crTuyuRlT4LXbwew&utm_campaign=yelp_api_v3&utm_medium=api_v3_business_search&utm_source=dWJeA2crTuyuRlT4LXbwew,"{'latitude': 43.64784, 'longitude': -79.38872}","{'address1': '18 Duncan Street', 'address2': '', 'address3': '', 'city': 'Toronto', 'zip_code': 'M5H 3G8', 'country': 'CA', 'state': 'ON', 'display_address': ['18 Duncan Street', 'Toronto, ON M5H 3G8', 'Canada']}",14169014724,https://s3-media3.fl.yelpcdn.com/bphoto/t-g4d_vCAgZH_6pCqjaYWQ/o.jpg,NA,
iGEvDk6hsizigmXhDKs2Vg,seven-lives-tacos-y-mariscos-toronto,Seven Lives Tacos y Mariscos,https://www.yelp.com/biz/seven-lives-tacos-y-mariscos-toronto?adjust_creative=dWJeA2crTuyuRlT4LXbwew&utm_campaign=yelp_api_v3&utm_medium=api_v3_business_search&utm_source=dWJeA2crTuyuRlT4LXbwew,"{'latitude': 43.6543411559068, 'longitude': -79.4004796072841}","{'address1': '69 Kensington Avenue', 'address2': '', 'address3': '', 'city': 'Toronto', 'zip_code': 'M5T 2K2', 'country': 'CA', 'state': 'ON', 'display_address': ['69 Kensington Avenue', 'Toronto, ON M5T 2K2', 'Canada']}",14163934636,https://s3-media2.fl.yelpcdn.com/bphoto/4vmIs9jTNYlK24wb2WrQLg/o.jpg,NA,
RtUvSWO_UZ8V3Wpj0n077w,kinka-izakaya-original-toronto,KINKA IZAKAYA ORIGINAL,https://www.yelp.com/biz/kinka-izakaya-original-toronto?adjust_creative=dWJeA2crTuyuRlT4LXbwew&utm_campaign=yelp_api_v3&utm_medium=api_v3_business_search&utm_source=dWJeA2crTuyuRlT4LXbwew,"{'latitude': 43.66045, 'longitude': -79.37915}","{'address1': '398 Church Street', 'address2': '', 'address3': '', 'city': 'Toronto', 'zip_code': 'M5B 2A2', 'country': 'CA', 'state': 'ON', 'display_address': ['398 Church Street', 'Toronto, ON M5B 2A2', 'Canada']}",14169770999,https://s3-media3.fl.yelpcdn.com/bphoto/nHFVveLBqeiCGy12R2CnRA/o.jpg,https://www.kinkafamily.com/gift-card/purchase/,
N93EYZy9R0sdlEvubu94ig,banh-mi-boys-toronto,Banh Mi Boys,https://www.yelp.com/biz/banh-mi-boys-toronto?adjust_creative=dWJeA2crTuyuRlT4LXbwew&utm_campaign=yelp_api_v3&utm_medium=api_v3_business_search&utm_source=dWJeA2crTuyuRlT4LXbwew,"{'latitude': 43.64884, 'longitude': -79.39695}","{'address1': '392 Queen Street W', 'address2': '', 'address3': '', 'city': 'Toronto', 'zip_code': 'M5V 2A9', 'country': 'CA', 'state': 'ON', 'display_address': ['392 Queen Street W', 'Toronto, ON M5V 2A9', 'Canada']}",14163630588,https://s3-media4.fl.yelpcdn.com/bphoto/PegGigxIZ7BfCbzAsXBtXw/o.jpg,NA,
mZRKH9ngRY92bI_irrHq6w,richmond-station-toronto,Richmond Station,https://www.yelp.com/biz/richmond-station-toronto?adjust_creative=dWJeA2crTuyuRlT4LXbwew&utm_campaign=yelp_api_v3&utm_medium=api_v3_business_search&utm_source=dWJeA2crTuyuRlT4LXbwew,"{'latitude': 43.6513729, 'longitude': -79.379285}","{'address1': '1 Richmond Street W', 'address2': '', 'address3': '', 'city': 'Toronto', 'zip_code': 'M5H 3W4', 'country': 'CA', 'state': 'ON', 'display_address': ['1 Richmond Street W', 'Toronto, ON M5H 3W4', 'Canada']}",16477481444,https://s3-media2.fl.yelpcdn.com/bphoto/PGHg32iSUSJavWdRfexbRg/o.jpg,https://richmondstation.ca/gift-cards/,
Yl2TN9c23ZGLUBSD9ks5Uw,byblos-toronto-2,Byblos,https://www.yelp.com/biz/byblos-toronto-2?adjust_creative=dWJeA2crTuyuRlT4LXbwew&utm_campaign=yelp_api_v3&utm_medium=api_v3_business_search&utm_source=dWJeA2crTuyuRlT4LXbwew,"{'latitude': 43.647546, 'longitude': -79.388123}","{'address1': '11 Duncan Street', 'address2': '', 'address3': '', 'city': 'Toronto', 'zip_code': 'M5V 3M2', 'country': 'CA', 'state': 'ON', 'display_address': ['11 Duncan Street', 'Toronto, ON M5V 3M2', 'Canada']}",16476600909,https://s3-media4.fl.yelpcdn.com/bphoto/wkn0TxG5zWjr0OJ_aN5Jmw/o.jpg,https://byblosdowntown.com/giftcards/,
uAAWlLdsoUf872F1FKiX1A,bang-bang-ice-cream-and-bakery-toronto-3,Bang Bang Ice Cream and Bakery,https://www.yelp.com/biz/bang-bang-ice-cream-and-bakery-toronto-3?adjust_creative=dWJeA2crTuyuRlT4LXbwew&utm_campaign=yelp_api_v3&utm_medium=api_v3_business_search&utm_source=dWJeA2crTuyuRlT4LXbwew,"{'latitude': 43.6462863, 'longitude': -79.4194744}","{'address1': '93a Ossington Avenue', 'address2': None, 'address3': '', 'city': 'Toronto', 'zip_code': 'M6J 2Z2', 'country': 'CA', 'state': 'ON', 'display_address': ['93a Ossington Avenue', 'Toronto, ON M6J 2Z2', 'Canada']}",16473481900,https://s3-media1.fl.yelpcdn.com/bphoto/G--3bFthN19hT18adsPEog/o.jpg,NA,
crstB-H5rOfbXhV8pX0e6g,ramen-isshin-toronto,Ramen Isshin,https://www.yelp.com/biz/ramen-isshin-toronto?adjust_creative=dWJeA2crTuyuRlT4LXbwew&utm_campaign=yelp_api_v3&utm_medium=api_v3_business_search&utm_source=dWJeA2crTuyuRlT4LXbwew,"{'latitude': 43.65634, 'longitude': -79.40689}","{'address1': '421 College Street', 'address2': None, 'address3': '', 'city': 'Toronto', 'zip_code': 'M5T 1T1', 'country': 'CA', 'state': 'ON', 'display_address': ['421 College Street', 'Toronto, ON M5T 1T1', 'Canada']}",14163674013,https://s3-media2.fl.yelpcdn.com/bphoto/LvnYnumInn7dmCewmQsU3w/o.jpg,NA,
aLcFhMe6DDJ430zelCpd2A,khao-san-road-toronto,Khao San Road,https://www.yelp.com/biz/khao-san-road-toronto?adjust_creative=dWJeA2crTuyuRlT4LXbwew&utm_campaign=yelp_api_v3&utm_medium=api_v3_business_search&utm_source=dWJeA2crTuyuRlT4LXbwew,"{'latitude': 43.64634, 'longitude': -79.39359}","{'address1': '11 Charlotte Street', 'address2': None, 'address3': '', 'city': 'Toronto', 'zip_code': 'M5V 2H5', 'country': 'CA', 'state': 'ON', 'display_address': ['11 Charlotte Street', 'Toronto, ON M5V 2H5', 'Canada']}",16473525773,https://s3-media3.fl.yelpcdn.com/bphoto/mo8MvTD3mzuWITsrQ0ziBg/o.jpg,NA,
pSMK_FtULKiU-iuh7SMKwg,blaze-fast-fired-pizza-toronto,Blaze Fast-Fire'd Pizza,https://www.yelp.com/biz/blaze-fast-fired-pizza-toronto?adjust_creative=dWJeA2crTuyuRlT4LXbwew&utm_campaign=yelp_api_v3&utm_medium=api_v3_business_search&utm_source=dWJeA2crTuyuRlT4LXbwew,"{'latitude': 43.6565313336776, 'longitude': -79.3800427473602}","{'address1': '10 Dundas Street East', 'address2': '#124', 'address3': '', 'city': 'Toronto', 'zip_code': 'M5B 2G9', 'country': 'CA', 'state': 'ON', 'display_address': ['10 Dundas Street East', '#124', 'Toronto, ON M5B 2G9', 'Canada']}",16479331028,https://s3-media2.fl.yelpcdn.com/bphoto/J5H4X6F_JlwWZFJy4yW2Jg/o.jpg,https://www.buyatab.com/custom/blazepizza/,
0a2O150ytxrDjDzXNfRWkA,miku-toronto-2,Miku,https://www.yelp.com/biz/miku-toronto-2?adjust_creative=dWJeA2crTuyuRlT4LXbwew&utm_campaign=yelp_api_v3&utm_medium=api_v3_business_search&utm_source=dWJeA2crTuyuRlT4LXbwew,"{'latitude': 43.6412346, 'longitude': -79.3773697}","{'address1': '105-10 Bay Street', 'address2': '', 'address3': '', 'city': 'Toronto', 'zip_code': 'M5J 2R8', 'country': 'CA', 'state': 'ON', 'display_address': ['105-10 Bay Street', 'Toronto, ON M5J 2R8', 'Canada']}",16473477347,https://s3-media4.fl.yelpcdn.com/bphoto/zsIt9_5APo6CSM3i7xDnNg/o.jpg,https://mikutoronto.com/gift-cards-cakes/,
ZumOnWbstgsIE6bJlxw0_Q,jacobs-and-co-steakhouse-toronto,Jacobs & Co. Steakhouse,https://www.yelp.com/biz/jacobs-and-co-steakhouse-toronto?adjust_creative=dWJeA2crTuyuRlT4LXbwew&utm_campaign=yelp_api_v3&utm_medium=api_v3_business_search&utm_source=dWJeA2crTuyuRlT4LXbwew,"{'latitude': 43.64539876116, 'longitude': -79.3980279011192}","{'address1': '12 Brant Street', 'address2': '', 'address3': '', 'city': 'Toronto', 'zip_code': 'M5V 1K4', 'country': 'CA', 'state': 'ON', 'display_address': ['12 Brant Street', 'Toronto, ON M5V 1K4', 'Canada']}",14163660200,https://s3-media2.fl.yelpcdn.com/bphoto/uj1gFLRF6j2JhWn-MIbWow/o.jpg,https://jacobssteakhouse.com/product/electronic-gift-card/,
f5O7v_X_jCg2itqacRfxhg,sansotei-ramen-toronto-2,Sansotei Ramen,https://www.yelp.com/biz/sansotei-ramen-toronto-2?adjust_creative=dWJeA2crTuyuRlT4LXbwew&utm_campaign=yelp_api_v3&utm_medium=api_v3_business_search&utm_source=dWJeA2crTuyuRlT4LXbwew,"{'latitude': 43.655, 'longitude': -79.38643}","{'address1': '179 Dundas Street W', 'address2': '', 'address3': '', 'city': 'Toronto', 'zip_code': 'M5G 1Z8', 'country': 'CA', 'state': 'ON', 'display_address': ['179 Dundas Street W', 'Toronto, ON M5G 1Z8', 'Canada']}",16477483833,https://s3-media1.fl.yelpcdn.com/bphoto/AKT-mSQEW8npj2Iub9oXyg/o.jpg,NA,
fh8a_k9oslEDSHbmJLzUrQ,kekou-gelato-toronto,Kekou Gelato,https://www.yelp.com/biz/kekou-gelato-toronto?adjust_creative=dWJeA2crTuyuRlT4LXbwew&utm_campaign=yelp_api_v3&utm_medium=api_v3_business_search&utm_source=dWJeA2crTuyuRlT4LXbwew,"{'latitude': 43.64879, 'longitude': -79.39702}","{'address1': '394 Queen Street W', 'address2': '', 'address3': '', 'city': 'Toronto', 'zip_code': 'M5V 2A6', 'country': 'CA', 'state': 'ON', 'display_address': ['394 Queen Street W', 'Toronto, ON M5V 2A6', 'Canada']}",14165160637,https://s3-media2.fl.yelpcdn.com/bphoto/UPGXqEEgPPbfd0zUkDyjZw/o.jpg,NA,
q9_gLvTNf11etVxbH7JY0Q,yasu-toronto,Yasu,https://www.yelp.com/biz/yasu-toronto?adjust_creative=dWJeA2crTuyuRlT4LXbwew&utm_campaign=yelp_api_v3&utm_medium=api_v3_business_search&utm_source=dWJeA2crTuyuRlT4LXbwew,"{'latitude': 43.66269, 'longitude': -79.40314}","{'address1': '81 Harbord Street', 'address2': '', 'address3': '', 'city': 'Toronto', 'zip_code': 'M5S 1G4', 'country': 'CA', 'state': 'ON', 'display_address': ['81 Harbord Street', 'Toronto, ON M5S 1G4', 'Canada']}",14164772361,https://s3-media3.fl.yelpcdn.com/bphoto/X7fGAddrOK2CUrtwOQSPBA/o.jpg, info@yasu-sushibar.com,
e41TP5cXZqSrz50xCBJqZw,insomnia-restaurant-and-lounge-toronto,Insomnia Restaurant & Lounge,https://www.yelp.com/biz/insomnia-restaurant-and-lounge-toronto?adjust_creative=dWJeA2crTuyuRlT4LXbwew&utm_campaign=yelp_api_v3&utm_medium=api_v3_business_search&utm_source=dWJeA2crTuyuRlT4LXbwew,"{'latitude': 43.665961, 'longitude': -79.411003}","{'address1': '563 Bloor Street W', 'address2': '', 'address3': '', 'city': 'Toronto', 'zip_code': 'M5S 1Y6', 'country': 'CA', 'state': 'ON', 'display_address': ['563 Bloor Street W', 'Toronto, ON M5S 1Y6', 'Canada']}",14165883907,https://s3-media4.fl.yelpcdn.com/bphoto/rwQeDavE6_e16b8gdV_smw/o.jpg,https://www.insomniarestaurant.com/gift-cards,
g6AFW-zY0wDvBl9U82g4zg,baretto-caffe-toronto-4,Baretto Caffe,https://www.yelp.com/biz/baretto-caffe-toronto-4?adjust_creative=dWJeA2crTuyuRlT4LXbwew&utm_campaign=yelp_api_v3&utm_medium=api_v3_business_search&utm_source=dWJeA2crTuyuRlT4LXbwew,"{'latitude': 43.74471, 'longitude': -79.34643}","{'address1': '1262 Don Mills Road', 'address2': '', 'address3': '', 'city': 'Toronto', 'zip_code': 'M3B 2W7', 'country': 'CA', 'state': 'ON', 'display_address': ['1262 Don Mills Road', 'Toronto, ON M3B 2W7', 'Canada']}",14163850003,https://s3-media4.fl.yelpcdn.com/bphoto/WmOnZV-SoRfQ3R65dcJd1w/o.jpg,NA,
trKyIRyjKqVSZmcU0AnICQ,pearl-diver-toronto-2,Pearl Diver,https://www.yelp.com/biz/pearl-diver-toronto-2?adjust_creative=dWJeA2crTuyuRlT4LXbwew&utm_campaign=yelp_api_v3&utm_medium=api_v3_business_search&utm_source=dWJeA2crTuyuRlT4LXbwew,"{'latitude': 43.65163, 'longitude': -79.37375}","{'address1': '100 Adelaide Street E', 'address2': None, 'address3': '', 'city': 'Toronto', 'zip_code': 'M5C 1K9', 'country': 'CA', 'state': 'ON', 'display_address': ['100 Adelaide Street E', 'Toronto, ON M5C 1K9', 'Canada']}",14163667827,https://s3-media1.fl.yelpcdn.com/bphoto/LquqpryqqWqHxbasyPtsYw/o.jpg,NA,
h_4dPV9M9aYaBliH1Eoeeg,wvrst-toronto,Wvrst,https://www.yelp.com/biz/wvrst-toronto?adjust_creative=dWJeA2crTuyuRlT4LXbwew&utm_campaign=yelp_api_v3&utm_medium=api_v3_business_search&utm_source=dWJeA2crTuyuRlT4LXbwew,"{'latitude': 43.64418555054, 'longitude': -79.401014855291}","{'address1': '609 King Street W', 'address2': '', 'address3': '', 'city': 'Toronto', 'zip_code': 'M5V 1M5', 'country': 'CA', 'state': 'ON', 'display_address': ['609 King Street W', 'Toronto, ON M5V 1M5', 'Canada']}",14167037775,https://s3-media3.fl.yelpcdn.com/bphoto/MVA2wA4_x58IAnfmR7f3Kw/o.jpg,NA,
kOFDVcnj-8fd3doIpCQ06A,mildreds-temple-kitchen-toronto,Mildred's Temple Kitchen,https://www.yelp.com/biz/mildreds-temple-kitchen-toronto?adjust_creative=dWJeA2crTuyuRlT4LXbwew&utm_campaign=yelp_api_v3&utm_medium=api_v3_business_search&utm_source=dWJeA2crTuyuRlT4LXbwew,"{'latitude': 43.6399108749312, 'longitude': -79.4204235076904}","{'address1': '85 Hanna Avenue', 'address2': 'Suite 104', 'address3': '', 'city': 'Toronto', 'zip_code': 'M6K 3S3', 'country': 'CA', 'state': 'ON', 'display_address': ['85 Hanna Avenue', 'Suite 104', 'Toronto, ON M6K 3S3', 'Canada']}",14165885695,https://s3-media3.fl.yelpcdn.com/bphoto/AW9Zm_iqxzQrbgVd8tuqew/o.jpg,https://anycard.ca/store/Mildreds,
c6f8wBjPLDzyubEBqgcMnw,fahrenheit-coffee-toronto,Fahrenheit Coffee,https://www.yelp.com/biz/fahrenheit-coffee-toronto?adjust_creative=dWJeA2crTuyuRlT4LXbwew&utm_campaign=yelp_api_v3&utm_medium=api_v3_business_search&utm_source=dWJeA2crTuyuRlT4LXbwew,"{'latitude': 43.65244524304, 'longitude': -79.372932326803}","{'address1': '120 Lombard Avenue', 'address2': None, 'address3': '', 'city': 'Toronto', 'zip_code': 'M5A 4J6', 'country': 'CA', 'state': 'ON', 'display_address': ['120 Lombard Avenue', 'Toronto, ON M5A 4J6', 'Canada']}",16478961774,https://s3-media2.fl.yelpcdn.com/bphoto/185TXlWlMtQn-voNzRBqPA/o.jpg,NA,
_T7f2wUgNlJqxsR-cR89SQ,scaramouche-restaurant-pasta-bar-and-grill-toronto,Scaramouche Restaurant Pasta Bar & Grill,https://www.yelp.com/biz/scaramouche-restaurant-pasta-bar-and-grill-toronto?adjust_creative=dWJeA2crTuyuRlT4LXbwew&utm_campaign=yelp_api_v3&utm_medium=api_v3_business_search&utm_source=dWJeA2crTuyuRlT4LXbwew,"{'latitude': 43.68155, 'longitude': -79.39991}","{'address1': '1 Benvenuto Place', 'address2': '', 'address3': '', 'city': 'Toronto', 'zip_code': 'M4V 2L1', 'country': 'CA', 'state': 'ON', 'display_address': ['1 Benvenuto Place', 'Toronto, ON M4V 2L1', 'Canada']}",14169618011,https://s3-media1.fl.yelpcdn.com/bphoto/YXdEtR4x5ezDU0sPusFEOA/o.jpg,http://www.scaramoucherestaurant.com/scaramouche-gift-cards/,
k6zmSLmYAquCpJGKNnTgSQ,the-stockyards-toronto,The Stockyards,https://www.yelp.com/biz/the-stockyards-toronto?adjust_creative=dWJeA2crTuyuRlT4LXbwew&utm_campaign=yelp_api_v3&utm_medium=api_v3_business_search&utm_source=dWJeA2crTuyuRlT4LXbwew,"{'latitude': 43.68136, 'longitude': -79.42619}","{'address1': '699 St. Clair Avenue W', 'address2': '', 'address3': '', 'city': 'Toronto', 'zip_code': 'M6C 1B2', 'country': 'CA', 'state': 'ON', 'display_address': ['699 St. Clair Avenue W', 'Toronto, ON M6C 1B2', 'Canada']}",14166589666,https://s3-media1.fl.yelpcdn.com/bphoto/oNtSkU67zX0pj7hR47Q-RQ/o.jpg,NA,
Qmwfg-PtYuCo5Q_IwcA_HQ,jabistro-toronto-2,JaBistro,https://www.yelp.com/biz/jabistro-toronto-2?adjust_creative=dWJeA2crTuyuRlT4LXbwew&utm_campaign=yelp_api_v3&utm_medium=api_v3_business_search&utm_source=dWJeA2crTuyuRlT4LXbwew,"{'latitude': 43.64989, 'longitude': -79.38821}","{'address1': '222 Richmond Street West', 'address2': '', 'address3': '', 'city': 'Toronto', 'zip_code': 'M5V 1V6', 'country': 'CA', 'state': 'ON', 'display_address': ['222 Richmond Street West', 'Toronto, ON M5V 1V6', 'Canada']}",16477480222,https://s3-media3.fl.yelpcdn.com/bphoto/AcTjxOEi_DeBj3Eg9bj1zQ/o.jpg,https://www.kinkafamily.com/gift-card/purchase/,
saijdv-vXJrvsCfvr7SZOw,katsuya-toronto-5,Katsuya,https://www.yelp.com/biz/katsuya-toronto-5?adjust_creative=dWJeA2crTuyuRlT4LXbwew&utm_campaign=yelp_api_v3&utm_medium=api_v3_business_search&utm_source=dWJeA2crTuyuRlT4LXbwew,"{'latitude': 43.65995, 'longitude': -79.37882}","{'address1': '66 Gerrard Street E', 'address2': 'Unit 100', 'address3': '', 'city': 'Toronto', 'zip_code': 'M5B 2M2', 'country': 'CA', 'state': 'ON', 'display_address': ['66 Gerrard Street E', 'Unit 100', 'Toronto, ON M5B 2M2', 'Canada']}",14165917756,https://s3-media3.fl.yelpcdn.com/bphoto/3fwkOKaWQzfgcTKeht4vig/o.jpg,NA,
snw9iNNLpFYZeHotW00uVA,lee-restaurant-toronto-3,Lee Restaurant,https://www.yelp.com/biz/lee-restaurant-toronto-3?adjust_creative=dWJeA2crTuyuRlT4LXbwew&utm_campaign=yelp_api_v3&utm_medium=api_v3_business_search&utm_source=dWJeA2crTuyuRlT4LXbwew,"{'latitude': 43.644144, 'longitude': -79.400384}","{'address1': '601 King Street W', 'address2': '', 'address3': '', 'city': 'Toronto', 'zip_code': 'M5V 1M5', 'country': 'CA', 'state': 'ON', 'display_address': ['601 King Street W', 'Toronto, ON M5V 1M5', 'Canada']}",14165047867,https://s3-media1.fl.yelpcdn.com/bphoto/KtfwW_2J2TUjht_g7-AOsA/o.jpg,NA,
EEIz44ewHhOKmfTloAK13g,alo-restaurant-toronto,Alo Restaurant,https://www.yelp.com/biz/alo-restaurant-toronto?adjust_creative=dWJeA2crTuyuRlT4LXbwew&utm_campaign=yelp_api_v3&utm_medium=api_v3_business_search&utm_source=dWJeA2crTuyuRlT4LXbwew,"{'latitude': 43.64851, 'longitude': -79.39584}","{'address1': '163 Spadina Avenue', 'address2': '3rd Floor', 'address3': '', 'city': 'Toronto', 'zip_code': 'M5V 2A5', 'country': 'CA', 'state': 'ON', 'display_address': ['163 Spadina Avenue', '3rd Floor', 'Toronto, ON M5V 2A5', 'Canada']}",14162602222,https://s3-media2.fl.yelpcdn.com/bphoto/8GVfWzJ6r9naoRXSkcjeiw/o.jpg,NA,
Fx5haZv9PP3E7Ljp-h7B1Q,eggspectation-toronto-3,Eggspectation,https://www.yelp.com/biz/eggspectation-toronto-3?adjust_creative=dWJeA2crTuyuRlT4LXbwew&utm_campaign=yelp_api_v3&utm_medium=api_v3_business_search&utm_source=dWJeA2crTuyuRlT4LXbwew,"{'latitude': 43.6532721, 'longitude': -79.3812455}","{'address1': '483 Bay Street', 'address2': 'South Tower', 'address3': '', 'city': 'Toronto', 'zip_code': 'M5G 2C9', 'country': 'CA', 'state': 'ON', 'display_address': ['483 Bay Street', 'South Tower', 'Toronto, ON M5G 2C9', 'Canada']}",14169793447,https://s3-media1.fl.yelpcdn.com/bphoto/v-RtDBNWtoRx-_8lJ9J3mQ/o.jpg,NA,
DE89UdHFMCN6DtYWZuer5A,hokkaido-ramen-santouka-toronto-2,Hokkaido Ramen Santouka,https://www.yelp.com/biz/hokkaido-ramen-santouka-toronto-2?adjust_creative=dWJeA2crTuyuRlT4LXbwew&utm_campaign=yelp_api_v3&utm_medium=api_v3_business_search&utm_source=dWJeA2crTuyuRlT4LXbwew,"{'latitude': 43.656321731393, 'longitude': -79.377499580039}","{'address1': '91 Dundas Street E', 'address2': '', 'address3': '', 'city': 'Toronto', 'zip_code': 'M5B 2C8', 'country': 'CA', 'state': 'ON', 'display_address': ['91 Dundas Street E', 'Toronto, ON M5B 2C8', 'Canada']}",16477481717,https://s3-media2.fl.yelpcdn.com/bphoto/7j3396oBjDRXCHsYpbwL6g/o.jpg,NA,
eD-XLSo-j8uIoTnIlrG8YA,juicy-dumpling-toronto,Juicy Dumpling,https://www.yelp.com/biz/juicy-dumpling-toronto?adjust_creative=dWJeA2crTuyuRlT4LXbwew&utm_campaign=yelp_api_v3&utm_medium=api_v3_business_search&utm_source=dWJeA2crTuyuRlT4LXbwew,"{'latitude': 43.65252, 'longitude': -79.39854}","{'address1': '280 Spadina Ave', 'address2': 'Unit M-N', 'address3': None, 'city': 'Toronto', 'zip_code': 'M5T 0A1', 'country': 'CA', 'state': 'ON', 'display_address': ['280 Spadina Ave', 'Unit M-N', 'Toronto, ON M5T 0A1', 'Canada']}",16473525678,https://s3-media3.fl.yelpcdn.com/bphoto/1hVSy55ZaocP-vLdhy9nTg/o.jpg,NA,
zfQ855VX3SMA_54oVSN5Cw,frescos-fish-and-chips-toronto,Fresco's Fish & Chips,https://www.yelp.com/biz/frescos-fish-and-chips-toronto?adjust_creative=dWJeA2crTuyuRlT4LXbwew&utm_campaign=yelp_api_v3&utm_medium=api_v3_business_search&utm_source=dWJeA2crTuyuRlT4LXbwew,"{'latitude': 43.6538341, 'longitude': -79.4015484}","{'address1': '201 Augusta Avenue', 'address2': '', 'address3': '', 'city': 'Toronto', 'zip_code': 'M5T 2L4', 'country': 'CA', 'state': 'ON', 'display_address': ['201 Augusta Avenue', 'Toronto, ON M5T 2L4', 'Canada']}",14165464557,https://s3-media2.fl.yelpcdn.com/bphoto/eR3lw7ZeGkWjJ0Bm0eWOfA/o.jpg,NA,
G24p1oGGfY3t-m8Z2lPCaQ,tinuno-toronto,Tinuno,https://www.yelp.com/biz/tinuno-toronto?adjust_creative=dWJeA2crTuyuRlT4LXbwew&utm_campaign=yelp_api_v3&utm_medium=api_v3_business_search&utm_source=dWJeA2crTuyuRlT4LXbwew,"{'latitude': 43.6711430082347, 'longitude': -79.374853497263}","{'address1': '31 Howard Street', 'address2': '', 'address3': None, 'city': 'Toronto', 'zip_code': 'M4X 1J6', 'country': 'CA', 'state': 'ON', 'display_address': ['31 Howard Street', 'Toronto, ON M4X 1J6', 'Canada']}",16473439294,https://s3-media4.fl.yelpcdn.com/bphoto/q6grQ4cUkLSVcnXTt5rOeA/o.jpg,NA,
XYIPXJ9parr9FtvvcGI1SA,gb-hand-pulled-noodles-toronto,GB Hand-pulled Noodles,https://www.yelp.com/biz/gb-hand-pulled-noodles-toronto?adjust_creative=dWJeA2crTuyuRlT4LXbwew&utm_campaign=yelp_api_v3&utm_medium=api_v3_business_search&utm_source=dWJeA2crTuyuRlT4LXbwew,"{'latitude': 43.65669, 'longitude': -79.38385}","{'address1': '66 Edward Street', 'address2': '', 'address3': None, 'city': 'Toronto', 'zip_code': 'M5G 1C9', 'country': 'CA', 'state': 'ON', 'display_address': ['66 Edward Street', 'Toronto, ON M5G 1C9', 'Canada']}",16478721336,https://s3-media2.fl.yelpcdn.com/bphoto/0aSmxmotj4t5-GGl-QYXmQ/o.jpg,NA,
-9dmhyBvepc08KPEHlEM0w,cn-tower-toronto,CN Tower,https://www.yelp.com/biz/cn-tower-toronto?adjust_creative=dWJeA2crTuyuRlT4LXbwew&utm_campaign=yelp_api_v3&utm_medium=api_v3_business_search&utm_source=dWJeA2crTuyuRlT4LXbwew,"{'latitude': 43.642561, 'longitude': -79.387062}","{'address1': '301 Front St W', 'address2': '', 'address3': '', 'city': 'Toronto', 'zip_code': 'M5V 2T6', 'country': 'CA', 'state': 'ON', 'display_address': ['301 Front St W', 'Toronto, ON M5V 2T6', 'Canada']}",14168686937,https://s3-media1.fl.yelpcdn.com/bphoto/tPVibHnDSspfme9_ilen2A/o.jpg,,
VRwT0pscR5vESCrAnUpNwQ,wilbur-mexicana-toronto-2,Wilbur Mexicana,https://www.yelp.com/biz/wilbur-mexicana-toronto-2?adjust_creative=dWJeA2crTuyuRlT4LXbwew&utm_campaign=yelp_api_v3&utm_medium=api_v3_business_search&utm_source=dWJeA2crTuyuRlT4LXbwew,"{'latitude': 43.64494, 'longitude': -79.39866}","{'address1': '552 King Street W', 'address2': '', 'address3': '', 'city': 'Toronto', 'zip_code': 'M5V 1M3', 'country': 'CA', 'state': 'ON', 'display_address': ['552 King Street W', 'Toronto, ON M5V 1M3', 'Canada']}",14167921878,https://s3-media4.fl.yelpcdn.com/bphoto/M6bXhAPEnlxnpv5CpJC9Hg/o.jpg,NA,
CN5nuUQod0f8g3oh99qq0w,kinka-izakaya-annex-toronto,KINKA IZAKAYA ANNEX,https://www.yelp.com/biz/kinka-izakaya-annex-toronto?adjust_creative=dWJeA2crTuyuRlT4LXbwew&utm_campaign=yelp_api_v3&utm_medium=api_v3_business_search&utm_source=dWJeA2crTuyuRlT4LXbwew,"{'latitude': 43.6650736, 'longitude': -79.4106256}","{'address1': '559 Bloor Street West', 'address2': '', 'address3': '', 'city': 'Toronto', 'zip_code': 'M5S 1Y6', 'country': 'CA', 'state': 'ON', 'display_address': ['559 Bloor Street West', 'Toronto, ON M5S 1Y6', 'Canada']}",16473431101,https://s3-media1.fl.yelpcdn.com/bphoto/43RRSeAOPBk7r6qIzDfLnQ/o.jpg,https://www.kinkafamily.com/gift-card/purchase/,
q5xrVJ4kivx_yEfJeOKNYQ,bar-isabel-toronto,Bar Isabel,https://www.yelp.com/biz/bar-isabel-toronto?adjust_creative=dWJeA2crTuyuRlT4LXbwew&utm_campaign=yelp_api_v3&utm_medium=api_v3_business_search&utm_source=dWJeA2crTuyuRlT4LXbwew,"{'latitude': 43.65463, 'longitude': -79.42075}","{'address1': '797 College Street', 'address2': '', 'address3': '', 'city': 'Toronto', 'zip_code': 'M6G 1C6', 'country': 'CA', 'state': 'ON', 'display_address': ['797 College Street', 'Toronto, ON M6G 1C6', 'Canada']}",14165322222,https://s3-media3.fl.yelpcdn.com/bphoto/BnLe7mg4YaszrnZntiSPQQ/o.jpg,NA,
c35qzLN6ItDpVIoj2uQW4Q,ravi-soups-toronto,Ravi Soups,https://www.yelp.com/biz/ravi-soups-toronto?adjust_creative=dWJeA2crTuyuRlT4LXbwew&utm_campaign=yelp_api_v3&utm_medium=api_v3_business_search&utm_source=dWJeA2crTuyuRlT4LXbwew,"{'latitude': 43.6477, 'longitude': -79.39201}","{'address1': '322 Adelaide Street W', 'address2': '', 'address3': '', 'city': 'Toronto', 'zip_code': 'M5V 1R1', 'country': 'CA', 'state': 'ON', 'display_address': ['322 Adelaide Street W', 'Toronto, ON M5V 1R1', 'Canada']}",16474358365,https://s3-media4.fl.yelpcdn.com/bphoto/UMgdLeHcPFHeK4R8jRha8g/o.jpg,NA,
ttuEwktrkmh3TUlSFPZqAA,banh-mi-boys-toronto-2,Banh Mi Boys,https://www.yelp.com/biz/banh-mi-boys-toronto-2?adjust_creative=dWJeA2crTuyuRlT4LXbwew&utm_campaign=yelp_api_v3&utm_medium=api_v3_business_search&utm_source=dWJeA2crTuyuRlT4LXbwew,"{'latitude': 43.6590974, 'longitude': -79.3820781}","{'address1': '399 Yonge Street', 'address2': '', 'address3': '', 'city': 'Toronto', 'zip_code': 'M5B', 'country': 'CA', 'state': 'ON', 'display_address': ['399 Yonge Street', 'Toronto, ON M5B', 'Canada']}",14169770303,https://s3-media3.fl.yelpcdn.com/bphoto/5DGD7veB3PJ_qyEmi2_6Yw/o.jpg,NA,
lDpVyjENOz_qbxbRoyBi8w,black-camel-toronto-2,Black Camel,https://www.yelp.com/biz/black-camel-toronto-2?adjust_creative=dWJeA2crTuyuRlT4LXbwew&utm_campaign=yelp_api_v3&utm_medium=api_v3_business_search&utm_source=dWJeA2crTuyuRlT4LXbwew,"{'latitude': 43.677122232751, 'longitude': -79.389209714264}","{'address1': '4 Crescent Road', 'address2': '', 'address3': '', 'city': 'Toronto', 'zip_code': 'M4W 1S9', 'country': 'CA', 'state': 'ON', 'display_address': ['4 Crescent Road', 'Toronto, ON M4W 1S9', 'Canada']}",14169297518,https://s3-media1.fl.yelpcdn.com/bphoto/ILJYcVN1fNR8VZ3wbRMl0A/o.jpg,NA,
L-Yj3Y1bYKTSg4uE9KTVBw,adamson-barbecue-toronto,Adamson Barbecue,https://www.yelp.com/biz/adamson-barbecue-toronto?adjust_creative=dWJeA2crTuyuRlT4LXbwew&utm_campaign=yelp_api_v3&utm_medium=api_v3_business_search&utm_source=dWJeA2crTuyuRlT4LXbwew,"{'latitude': 43.71251, 'longitude': -79.35309}","{'address1': '176 Wicksteed Avenue', 'address2': None, 'address3': '', 'city': 'Toronto', 'zip_code': 'M4G 2B6', 'country': 'CA', 'state': 'ON', 'display_address': ['176 Wicksteed Avenue', 'Toronto, ON M4G 2B6', 'Canada']}",16475592080,https://s3-media1.fl.yelpcdn.com/bphoto/yI4bYSvJUDb71F0fQ4gpxg/o.jpg,https://adamsonbarbecue.com/product/gift-card/,
4_EgrMY-EI-i-xyWixI2qg,mystic-muffin-toronto,Mystic Muffin,https://www.yelp.com/biz/mystic-muffin-toronto?adjust_creative=dWJeA2crTuyuRlT4LXbwew&utm_campaign=yelp_api_v3&utm_medium=api_v3_business_search&utm_source=dWJeA2crTuyuRlT4LXbwew,"{'latitude': 43.652457948594, 'longitude': -79.372548881465}","{'address1': '113 Jarvis Street', 'address2': '', 'address3': '', 'city': 'Toronto', 'zip_code': 'M5C 2H4', 'country': 'CA', 'state': 'ON', 'display_address': ['113 Jarvis Street', 'Toronto, ON M5C 2H4', 'Canada']}",14169411474,https://s3-media2.fl.yelpcdn.com/bphoto/i83ctmC_zOHrtPrOuWL5WQ/o.jpg,NA,
hDy-uY7Vy_TZdGBzw59lhA,saku-sushi-toronto-2,Saku Sushi,https://www.yelp.com/biz/saku-sushi-toronto-2?adjust_creative=dWJeA2crTuyuRlT4LXbwew&utm_campaign=yelp_api_v3&utm_medium=api_v3_business_search&utm_source=dWJeA2crTuyuRlT4LXbwew,"{'latitude': 43.6482, 'longitude': -79.4003}","{'address1': '478 Queen Street W', 'address2': None, 'address3': '', 'city': 'Toronto', 'zip_code': 'M5V 2B2', 'country': 'CA', 'state': 'ON', 'display_address': ['478 Queen Street W', 'Toronto, ON M5V 2B2', 'Canada']}",14163687258,https://s3-media3.fl.yelpcdn.com/bphoto/kIczj6Jd0J32hmmlzy2X7g/o.jpg,NA,
SxvKjtbq5qRlFoXrU8Bo9Q,descendant-detroit-style-pizza-toronto-2,Descendant Detroit Style Pizza,https://www.yelp.com/biz/descendant-detroit-style-pizza-toronto-2?adjust_creative=dWJeA2crTuyuRlT4LXbwew&utm_campaign=yelp_api_v3&utm_medium=api_v3_business_search&utm_source=dWJeA2crTuyuRlT4LXbwew,"{'latitude': 43.6627782074977, 'longitude': -79.332169532679}","{'address1': '1168 Queen Street E', 'address2': '', 'address3': '', 'city': 'Toronto', 'zip_code': 'M4M 1L5', 'country': 'CA', 'state': 'ON', 'display_address': ['1168 Queen Street E', 'Toronto, ON M4M 1L5', 'Canada']}",16473471168,https://s3-media1.fl.yelpcdn.com/bphoto/s8rLn3ycy9XpW1Y3E2qmrQ/o.jpg,NA,
O-uIEuv7JLUHajkemx_sVw,beerbistro-toronto-3,Beerbistro,https://www.yelp.com/biz/beerbistro-toronto-3?adjust_creative=dWJeA2crTuyuRlT4LXbwew&utm_campaign=yelp_api_v3&utm_medium=api_v3_business_search&utm_source=dWJeA2crTuyuRlT4LXbwew,"{'latitude': 43.64945, 'longitude': -79.377159}","{'address1': '18 King Street E', 'address2': '', 'address3': '', 'city': 'Toronto', 'zip_code': 'M5C 1C4', 'country': 'CA', 'state': 'ON', 'display_address': ['18 King Street E', 'Toronto, ON M5C 1C4', 'Canada']}",14168619872,https://s3-media4.fl.yelpcdn.com/bphoto/VM-iXUZunxWUW9_QZ5-0Hg/o.jpg,NA,
Uq-GOs9_IqweUsB5MdII9w,emmas-country-kitchen-toronto,Emma's Country Kitchen,https://www.yelp.com/biz/emmas-country-kitchen-toronto?adjust_creative=dWJeA2crTuyuRlT4LXbwew&utm_campaign=yelp_api_v3&utm_medium=api_v3_business_search&utm_source=dWJeA2crTuyuRlT4LXbwew,"{'latitude': 43.68103, 'longitude': -79.4303599}","{'address1': '810 Saint Clair Avenue W', 'address2': '', 'address3': '', 'city': 'Toronto', 'zip_code': 'M6C 1B6', 'country': 'CA', 'state': 'ON', 'display_address': ['810 Saint Clair Avenue W', 'Toronto, ON M6C 1B6', 'Canada']}",14166523662,https://s3-media2.fl.yelpcdn.com/bphoto/eFNNI4h8YdD7g4pNHjd-NQ/o.jpg,NA,
_xAJZOKBMPOe47p1MphB2w,fishman-lobster-clubhouse-restaurant-toronto,Fishman Lobster Clubhouse Restaurant,https://www.yelp.com/biz/fishman-lobster-clubhouse-restaurant-toronto?adjust_creative=dWJeA2crTuyuRlT4LXbwew&utm_campaign=yelp_api_v3&utm_medium=api_v3_business_search&utm_source=dWJeA2crTuyuRlT4LXbwew,"{'latitude': 43.8019756, 'longitude': -79.295159}","{'address1': '4020 Finch Avenue E', 'address2': None, 'address3': '', 'city': 'Toronto', 'zip_code': 'M1S 3T6', 'country': 'CA', 'state': 'ON', 'display_address': ['4020 Finch Avenue E', 'Toronto, ON M1S 3T6', 'Canada']}",14163210250,https://s3-media4.fl.yelpcdn.com/bphoto/H6iQqtnjH6XHMeG3s-lM5g/o.jpg,,
sXg2NCfiCqK_X_4R5NK_jQ,barchef-toronto,BarChef,https://www.yelp.com/biz/barchef-toronto?adjust_creative=dWJeA2crTuyuRlT4LXbwew&utm_campaign=yelp_api_v3&utm_medium=api_v3_business_search&utm_source=dWJeA2crTuyuRlT4LXbwew,"{'latitude': 43.6482201, 'longitude': -79.4001694}","{'address1': '472 Queen Street W', 'address2': '', 'address3': '', 'city': 'Toronto', 'zip_code': 'M5V 2B2', 'country': 'CA', 'state': 'ON', 'display_address': ['472 Queen Street W', 'Toronto, ON M5V 2B2', 'Canada']}",14168684800,https://s3-media4.fl.yelpcdn.com/bphoto/KhWy0NUdQkhhd9SFQ7upbQ/o.jpg,,
nHFJtud7jWZhM9dHQ1eIRA,buk-chang-dong-soon-tofu-toronto-2,Buk Chang Dong Soon Tofu,https://www.yelp.com/biz/buk-chang-dong-soon-tofu-toronto-2?adjust_creative=dWJeA2crTuyuRlT4LXbwew&utm_campaign=yelp_api_v3&utm_medium=api_v3_business_search&utm_source=dWJeA2crTuyuRlT4LXbwew,"{'latitude': 43.66363, 'longitude': -79.4169299}","{'address1': '691 Bloor Street W', 'address2': '', 'address3': '', 'city': 'Toronto', 'zip_code': 'M6G 1L3', 'country': 'CA', 'state': 'ON', 'display_address': ['691 Bloor Street W', 'Toronto, ON M6G 1L3', 'Canada']}",14165370972,https://s3-media2.fl.yelpcdn.com/bphoto/gUTs_5MWJrz6FHqc1fVpzQ/o.jpg,,
HUYEadSbGSQNHXFmT2Ujjw,manpuku-japanese-eatery-toronto,Manpuku Japanese Eatery,https://www.yelp.com/biz/manpuku-japanese-eatery-toronto?adjust_creative=dWJeA2crTuyuRlT4LXbwew&utm_campaign=yelp_api_v3&utm_medium=api_v3_business_search&utm_source=dWJeA2crTuyuRlT4LXbwew,"{'latitude': 43.65406, 'longitude': -79.39101}","{'address1': '105 McCaul Street', 'address2': 'Unit 29-31', 'address3': '', 'city': 'Toronto', 'zip_code': 'M5T 2X4', 'country': 'CA', 'state': 'ON', 'display_address': ['105 McCaul Street', 'Unit 29-31', 'Toronto, ON M5T 2X4', 'Canada']}",14169796763,https://s3-media1.fl.yelpcdn.com/bphoto/lPfzSgHJYzc7zdoh3GqrOw/o.jpg,,
KVpvE6pOPM9KMvak4HFsNg,pizzeria-libretto-toronto,Pizzeria Libretto,https://www.yelp.com/biz/pizzeria-libretto-toronto?adjust_creative=dWJeA2crTuyuRlT4LXbwew&utm_campaign=yelp_api_v3&utm_medium=api_v3_business_search&utm_source=dWJeA2crTuyuRlT4LXbwew,"{'latitude': 43.64898, 'longitude': -79.42021}","{'address1': '221 Ossington Avenue', 'address2': '', 'address3': '', 'city': 'Toronto', 'zip_code': 'M6J 2Z8', 'country': 'CA', 'state': 'ON', 'display_address': ['221 Ossington Avenue', 'Toronto, ON M6J 2Z8', 'Canada']}",14165328000,https://s3-media1.fl.yelpcdn.com/bphoto/Nr02ftgHVzou1dEJX6Uz9w/o.jpg,https://www.pizzerialibretto.com/contact-us,
eKznX8VTfcQrjCqXpeobiw,rasa-toronto,Rasa,https://www.yelp.com/biz/rasa-toronto?adjust_creative=dWJeA2crTuyuRlT4LXbwew&utm_campaign=yelp_api_v3&utm_medium=api_v3_business_search&utm_source=dWJeA2crTuyuRlT4LXbwew,"{'latitude': 43.6627752, 'longitude': -79.4039682}","{'address1': '196 Robert Street', 'address2': '', 'address3': '', 'city': 'Toronto', 'zip_code': 'M5S 2K8', 'country': 'CA', 'state': 'ON', 'display_address': ['196 Robert Street', 'Toronto, ON M5S 2K8', 'Canada']}",16473508221,https://s3-media4.fl.yelpcdn.com/bphoto/_PtOVmb2eddLK5fduMSk_w/o.jpg,https://www.giftforward.co/shop/rasa-gift-card,
fGdUxfeEWp9pn2sAa9rv2w,roselle-toronto-3,Roselle,https://www.yelp.com/biz/roselle-toronto-3?adjust_creative=dWJeA2crTuyuRlT4LXbwew&utm_campaign=yelp_api_v3&utm_medium=api_v3_business_search&utm_source=dWJeA2crTuyuRlT4LXbwew,"{'latitude': 43.6535912, 'longitude': -79.3621063}","{'address1': '362 King Street E', 'address2': '', 'address3': '', 'city': 'Toronto', 'zip_code': 'M5A 1K9', 'country': 'CA', 'state': 'ON', 'display_address': ['362 King Street E', 'Toronto, ON M5A 1K9', 'Canada']}",14163688188,https://s3-media4.fl.yelpcdn.com/bphoto/_GuuxeHE_cFZkv_BSeEbeQ/o.jpg,https://www.roselleto.com/new-blog,
qPVqfJAzC8APF8aWGBtFRA,antler-kitchen-and-bar-toronto,Antler Kitchen & Bar,https://www.yelp.com/biz/antler-kitchen-and-bar-toronto?adjust_creative=dWJeA2crTuyuRlT4LXbwew&utm_campaign=yelp_api_v3&utm_medium=api_v3_business_search&utm_source=dWJeA2crTuyuRlT4LXbwew,"{'latitude': 43.64985, 'longitude': -79.43059}","{'address1': '1454 Dundas Street West', 'address2': '', 'address3': '', 'city': 'Toronto', 'zip_code': 'M6J 1Y6', 'country': 'CA', 'state': 'ON', 'display_address': ['1454 Dundas Street West', 'Toronto, ON M6J 1Y6', 'Canada']}",16473458300,https://s3-media3.fl.yelpcdn.com/bphoto/RT7P13_hndFp8AMWSofyYQ/o.jpg,NA,
7oEKIG7d1ttPRejppZ3WIA,lady-marmalade-toronto,Lady Marmalade,https://www.yelp.com/biz/lady-marmalade-toronto?adjust_creative=dWJeA2crTuyuRlT4LXbwew&utm_campaign=yelp_api_v3&utm_medium=api_v3_business_search&utm_source=dWJeA2crTuyuRlT4LXbwew,"{'latitude': 43.66319, 'longitude': -79.35134}","{'address1': '265 Broadview Avenue', 'address2': '', 'address3': '', 'city': 'Toronto', 'zip_code': 'M4M 1J3', 'country': 'CA', 'state': 'ON', 'display_address': ['265 Broadview Avenue', 'Toronto, ON M4M 1J3', 'Canada']}",16473517645,https://s3-media3.fl.yelpcdn.com/bphoto/aCG5GgyvI4xcx4nPqjqrJw/o.jpg,NA,
RwRNR4z3kY-4OsFqigY5sw,uncle-tetsus-japanese-cheesecake-toronto,Uncle Tetsu's Japanese Cheesecake,https://www.yelp.com/biz/uncle-tetsus-japanese-cheesecake-toronto?adjust_creative=dWJeA2crTuyuRlT4LXbwew&utm_campaign=yelp_api_v3&utm_medium=api_v3_business_search&utm_source=dWJeA2crTuyuRlT4LXbwew,"{'latitude': 43.65584, 'longitude': -79.38403}","{'address1': '598 Bay Street', 'address2': '', 'address3': '', 'city': 'Toronto', 'zip_code': 'M5G 1M5', 'country': 'CA', 'state': 'ON', 'display_address': ['598 Bay Street', 'Toronto, ON M5G 1M5', 'Canada']}",14165910555,https://s3-media2.fl.yelpcdn.com/bphoto/HVm8NK0DS0O_X5T-QdUdGg/o.jpg,NA,
dAmVTQ6ukuLh4UxTmBoRkg,mahas-toronto-2,Maha's,https://www.yelp.com/biz/mahas-toronto-2?adjust_creative=dWJeA2crTuyuRlT4LXbwew&utm_campaign=yelp_api_v3&utm_medium=api_v3_business_search&utm_source=dWJeA2crTuyuRlT4LXbwew,"{'latitude': 43.67167, 'longitude': -79.32853}","{'address1': '226 Greenwood Avenue', 'address2': '', 'address3': '', 'city': 'Toronto', 'zip_code': 'M4L 2R2', 'country': 'CA', 'state': 'ON', 'display_address': ['226 Greenwood Avenue', 'Toronto, ON M4L 2R2', 'Canada']}",14164622703,https://s3-media4.fl.yelpcdn.com/bphoto/pJ4etCCTU3HCHH-MwCW8tQ/o.jpg,https://www.mahasbrunch.com/product-page/maha-s-gift-cards,
TR0-w6VoZDAdvFQiq7P2Ug,millie-creperie-toronto,Millie Creperie,https://www.yelp.com/biz/millie-creperie-toronto?adjust_creative=dWJeA2crTuyuRlT4LXbwew&utm_campaign=yelp_api_v3&utm_medium=api_v3_business_search&utm_source=dWJeA2crTuyuRlT4LXbwew,"{'latitude': 43.6549488110679, 'longitude': -79.3996712565422}","{'address1': '161 Baldwin Street', 'address2': '', 'address3': '', 'city': 'Toronto', 'zip_code': 'M5T 1L8', 'country': 'CA', 'state': 'ON', 'display_address': ['161 Baldwin Street', 'Toronto, ON M5T 1L8', 'Canada']}",14169771922,https://s3-media2.fl.yelpcdn.com/bphoto/oyIQfPMDCpXCQCUsJ3H0QA/o.jpg,NA,
47wBHgBwQ8_70sjmXow_1g,her-fathers-cider-bar-and-kitchen-toronto,Her Father's Cider Bar & Kitchen,https://www.yelp.com/biz/her-fathers-cider-bar-and-kitchen-toronto?adjust_creative=dWJeA2crTuyuRlT4LXbwew&utm_campaign=yelp_api_v3&utm_medium=api_v3_business_search&utm_source=dWJeA2crTuyuRlT4LXbwew,"{'latitude': 43.66232, 'longitude': -79.40453}","{'address1': '119 Harbord Street', 'address2': '', 'address3': '', 'city': 'Toronto', 'zip_code': 'M5S 1G7', 'country': 'CA', 'state': 'ON', 'display_address': ['119 Harbord Street', 'Toronto, ON M5S 1G7', 'Canada']}",16473477747,https://s3-media3.fl.yelpcdn.com/bphoto/zNPbozY3u1trS76eUf1IPA/o.jpg,NA,
SjgeuBlgKER9yegpoxT99w,nomé-izakaya-toronto-2,Nomé Izakaya,https://www.yelp.com/biz/nom%C3%A9-izakaya-toronto-2?adjust_creative=dWJeA2crTuyuRlT4LXbwew&utm_campaign=yelp_api_v3&utm_medium=api_v3_business_search&utm_source=dWJeA2crTuyuRlT4LXbwew,"{'latitude': 43.7626495361328, 'longitude': -79.4114685058594}","{'address1': '4848 Yonge Street', 'address2': '', 'address3': '', 'city': 'Toronto', 'zip_code': 'M2N 5N2', 'country': 'CA', 'state': 'ON', 'display_address': ['4848 Yonge Street', 'Toronto, ON M2N 5N2', 'Canada']}",16473477937,https://s3-media2.fl.yelpcdn.com/bphoto/ubwp-8bPuJTF6Br4LAiRbw/o.jpg,NA,
kYD9E14AijONhJ7rFsyLrg,the-elm-tree-restaurant-toronto,The Elm Tree Restaurant,https://www.yelp.com/biz/the-elm-tree-restaurant-toronto?adjust_creative=dWJeA2crTuyuRlT4LXbwew&utm_campaign=yelp_api_v3&utm_medium=api_v3_business_search&utm_source=dWJeA2crTuyuRlT4LXbwew,"{'latitude': 43.6572873032448, 'longitude': -79.3836965529587}","{'address1': '43 Elm Street', 'address2': '', 'address3': '', 'city': 'Toronto', 'zip_code': 'M5G 1H1', 'country': 'CA', 'state': 'ON', 'display_address': ['43 Elm Street', 'Toronto, ON M5G 1H1', 'Canada']}",14169017339,https://s3-media2.fl.yelpcdn.com/bphoto/7M3E8_PPWTdSiSXnX5Fp1A/o.jpg,NA,
4m_hApwQ054v3ue_OxFmGw,patria-toronto,Patria,https://www.yelp.com/biz/patria-toronto?adjust_creative=dWJeA2crTuyuRlT4LXbwew&utm_campaign=yelp_api_v3&utm_medium=api_v3_business_search&utm_source=dWJeA2crTuyuRlT4LXbwew,"{'latitude': 43.6455399, 'longitude': -79.39641}","{'address1': '480 King Street W', 'address2': '', 'address3': '', 'city': 'Toronto', 'zip_code': 'M5V 1L7', 'country': 'CA', 'state': 'ON', 'display_address': ['480 King Street W', 'Toronto, ON M5V 1L7', 'Canada']}",14163670505,https://s3-media3.fl.yelpcdn.com/bphoto/DwosQ6g-csJNpjOvCzW8DA/o.jpg,https://mirarestaurant.com/giftcards/,
mG71gQ5HWl7ut9OCN6NJKA,360-restaurant-toronto-2,360 Restaurant,https://www.yelp.com/biz/360-restaurant-toronto-2?adjust_creative=dWJeA2crTuyuRlT4LXbwew&utm_campaign=yelp_api_v3&utm_medium=api_v3_business_search&utm_source=dWJeA2crTuyuRlT4LXbwew,"{'latitude': 43.642768093479, 'longitude': -79.3870997428894}","{'address1': 'CN Tower', 'address2': '301 Front Street W', 'address3': '', 'city': 'Toronto', 'zip_code': 'M5V 2T6', 'country': 'CA', 'state': 'ON', 'display_address': ['CN Tower', '301 Front Street W', 'Toronto, ON M5V 2T6', 'Canada']}",14163625411,https://s3-media1.fl.yelpcdn.com/bphoto/FxIMwW894h8WDMshNwOqFw/o.jpg,https://shop.cntower.ca/estore/Content/Commerce/Products/DisplayProducts.aspx?ProductGroupCode=11000&ProductCategoryCode=11005,
Sk0Ycurq7D083Qs8x65b_Q,george-toronto,George,https://www.yelp.com/biz/george-toronto?adjust_creative=dWJeA2crTuyuRlT4LXbwew&utm_campaign=yelp_api_v3&utm_medium=api_v3_business_search&utm_source=dWJeA2crTuyuRlT4LXbwew,"{'latitude': 43.65323, 'longitude': -79.37446}","{'address1': '111 Queen Street E', 'address2': '', 'address3': '', 'city': 'Toronto', 'zip_code': 'M5C 1S2', 'country': 'CA', 'state': 'ON', 'display_address': ['111 Queen Street E', 'Toronto, ON M5C 1S2', 'Canada']}",14168636006,https://s3-media3.fl.yelpcdn.com/bphoto/2Ay3Zmf47NeTGH_ghy2PKw/o.jpg,https://www.anycard.ca/store/george,
cQK9M2JAwETQnnBoYyua5A,the-senator-toronto,The Senator,https://www.yelp.com/biz/the-senator-toronto?adjust_creative=dWJeA2crTuyuRlT4LXbwew&utm_campaign=yelp_api_v3&utm_medium=api_v3_business_search&utm_source=dWJeA2crTuyuRlT4LXbwew,"{'latitude': 43.65574, 'longitude': -79.37896}","{'address1': '249 Victoria Street', 'address2': '', 'address3': '', 'city': 'Toronto', 'zip_code': 'M5B 1T8', 'country': 'CA', 'state': 'ON', 'display_address': ['249 Victoria Street', 'Toronto, ON M5B 1T8', 'Canada']}",14163647517,https://s3-media3.fl.yelpcdn.com/bphoto/-YxCyds-0w13s0oGp88-Kg/o.jpg,NA,
cj_9eTPR0JBqk9qt2VmzFw,hodo-kwaja-toronto,Hodo Kwaja,https://www.yelp.com/biz/hodo-kwaja-toronto?adjust_creative=dWJeA2crTuyuRlT4LXbwew&utm_campaign=yelp_api_v3&utm_medium=api_v3_business_search&utm_source=dWJeA2crTuyuRlT4LXbwew,"{'latitude': 43.66438, 'longitude': -79.41557}","{'address1': '656 Bloor Street W', 'address2': '', 'address3': '', 'city': 'Toronto', 'zip_code': 'M6G 1K9', 'country': 'CA', 'state': 'ON', 'display_address': ['656 Bloor Street W', 'Toronto, ON M6G 1K9', 'Canada']}",14165381208,https://s3-media3.fl.yelpcdn.com/bphoto/pwcNveGPxthMfgHpLG0sQw/o.jpg,NA,
m3U4Pey_Yr0jgJb8MHfy5g,rasta-pasta-toronto-2,Rasta Pasta,https://www.yelp.com/biz/rasta-pasta-toronto-2?adjust_creative=dWJeA2crTuyuRlT4LXbwew&utm_campaign=yelp_api_v3&utm_medium=api_v3_business_search&utm_source=dWJeA2crTuyuRlT4LXbwew,"{'latitude': 43.6542328627147, 'longitude': -79.4004420356637}","{'address1': '61 Kensington Avenue', 'address2': '', 'address3': '', 'city': 'Toronto', 'zip_code': 'M5T', 'country': 'CA', 'state': 'ON', 'display_address': ['61 Kensington Avenue', 'Toronto, ON M5T', 'Canada']}",16475014505,https://s3-media3.fl.yelpcdn.com/bphoto/eVNRPLEp16x7RXvd0jABHw/o.jpg,NA,
O_UC_izJXcAmkm6HlEyGSA,playa-cabana-toronto,Playa Cabana,https://www.yelp.com/biz/playa-cabana-toronto?adjust_creative=dWJeA2crTuyuRlT4LXbwew&utm_campaign=yelp_api_v3&utm_medium=api_v3_business_search&utm_source=dWJeA2crTuyuRlT4LXbwew,"{'latitude': 43.6759577692695, 'longitude': -79.4011840224266}","{'address1': '111 Dupont Street', 'address2': '', 'address3': '', 'city': 'Toronto', 'zip_code': 'M5R 1V4', 'country': 'CA', 'state': 'ON', 'display_address': ['111 Dupont Street', 'Toronto, ON M5R 1V4', 'Canada']}",14169293911,https://s3-media1.fl.yelpcdn.com/bphoto/7XPqyMO4KYppNbsKccwqyA/o.jpg,NA,
jc3p5SFyt9qrrMXt6E13ig,tsujiri-toronto-4,Tsujiri,https://www.yelp.com/biz/tsujiri-toronto-4?adjust_creative=dWJeA2crTuyuRlT4LXbwew&utm_campaign=yelp_api_v3&utm_medium=api_v3_business_search&utm_source=dWJeA2crTuyuRlT4LXbwew,"{'latitude': 43.6552918174341, 'longitude': -79.3853147814892}","{'address1': '147 Dundas Street', 'address2': '', 'address3': '', 'city': 'Toronto', 'zip_code': 'M5G 1P5', 'country': 'CA', 'state': 'ON', 'display_address': ['147 Dundas Street', 'Toronto, ON M5G 1P5', 'Canada']}",16479391860,https://s3-media3.fl.yelpcdn.com/bphoto/v_iJ6tCpXUJj3E9IfxceMA/o.jpg,NA,
BWCfyBdnTvuXp6A_8wt8cA,ikkousha-ramen-toronto-2,Ikkousha Ramen,https://www.yelp.com/biz/ikkousha-ramen-toronto-2?adjust_creative=dWJeA2crTuyuRlT4LXbwew&utm_campaign=yelp_api_v3&utm_medium=api_v3_business_search&utm_source=dWJeA2crTuyuRlT4LXbwew,"{'latitude': 43.65024, 'longitude': -79.38873}","{'address1': '249 Queen Street W', 'address2': None, 'address3': '', 'city': 'Toronto', 'zip_code': 'M5V 1Z4', 'country': 'CA', 'state': 'ON', 'display_address': ['249 Queen Street W', 'Toronto, ON M5V 1Z4', 'Canada']}",14169012249,https://s3-media4.fl.yelpcdn.com/bphoto/s-A1kwoJRYI5Dna4slOscA/o.jpg,NA,
tCjlXROlbcaGiBRfU2jaiw,the-keg-steakhouse-bar-mansion-toronto,The Keg Steakhouse + Bar - Mansion,https://www.yelp.com/biz/the-keg-steakhouse-bar-mansion-toronto?adjust_creative=dWJeA2crTuyuRlT4LXbwew&utm_campaign=yelp_api_v3&utm_medium=api_v3_business_search&utm_source=dWJeA2crTuyuRlT4LXbwew,"{'latitude': 43.66683, 'longitude': -79.37788}","{'address1': '515 Jarvis Street', 'address2': '', 'address3': '', 'city': 'Toronto', 'zip_code': 'M4Y 2H7', 'country': 'CA', 'state': 'ON', 'display_address': ['515 Jarvis Street', 'Toronto, ON M4Y 2H7', 'Canada']}",14169646609,https://s3-media3.fl.yelpcdn.com/bphoto/sxWrSSpkwtcSLhYw56kDBw/o.jpg,NA,
W5d8iNog90R-qw43m5dGwg,café-polonez-toronto-2,Café Polonez,https://www.yelp.com/biz/caf%C3%A9-polonez-toronto-2?adjust_creative=dWJeA2crTuyuRlT4LXbwew&utm_campaign=yelp_api_v3&utm_medium=api_v3_business_search&utm_source=dWJeA2crTuyuRlT4LXbwew,"{'latitude': 43.64514, 'longitude': -79.44831}","{'address1': '195 Roncesvalles Avenue', 'address2': '', 'address3': '', 'city': 'Toronto', 'zip_code': 'M6R 2L5', 'country': 'CA', 'state': 'ON', 'display_address': ['195 Roncesvalles Avenue', 'Toronto, ON M6R 2L5', 'Canada']}",14165328432,https://s3-media2.fl.yelpcdn.com/bphoto/-TeiXJb4CtE_gTpL8iIbdQ/o.jpg,NA,
uPa5hrWmHm0n1l4MSyVMGQ,aloette-toronto-3,Aloette,https://www.yelp.com/biz/aloette-toronto-3?adjust_creative=dWJeA2crTuyuRlT4LXbwew&utm_campaign=yelp_api_v3&utm_medium=api_v3_business_search&utm_source=dWJeA2crTuyuRlT4LXbwew,"{'latitude': 43.64851, 'longitude': -79.39584}","{'address1': '163 Spadina Avenue', 'address2': '1st Floor', 'address3': None, 'city': 'Toronto', 'zip_code': 'M5V 2A5', 'country': 'CA', 'state': 'ON', 'display_address': ['163 Spadina Avenue', '1st Floor', 'Toronto, ON M5V 2A5', 'Canada']}",14162603444,https://s3-media2.fl.yelpcdn.com/bphoto/88RGZstg6OX0_BzMNu7bFQ/o.jpg,NA,
KWojrEKjUqHCRI5HO7pB4g,ago-art-gallery-of-ontario-toronto,AGO - Art Gallery of Ontario,https://www.yelp.com/biz/ago-art-gallery-of-ontario-toronto?adjust_creative=dWJeA2crTuyuRlT4LXbwew&utm_campaign=yelp_api_v3&utm_medium=api_v3_business_search&utm_source=dWJeA2crTuyuRlT4LXbwew,"{'latitude': 43.6536766, 'longitude': -79.3923394}","{'address1': '317 Dundas Street W', 'address2': '', 'address3': '', 'city': 'Toronto', 'zip_code': 'M5T 1G4', 'country': 'CA', 'state': 'ON', 'display_address': ['317 Dundas Street W', 'Toronto, ON M5T 1G4', 'Canada']}",14169796688,https://s3-media1.fl.yelpcdn.com/bphoto/NJ09JUq8xVAOM8I-8DTsrg/o.jpg,NA,
g3t2AQQVT2tWD64Huu7xVA,royal-ontario-museum-toronto,Royal Ontario Museum,https://www.yelp.com/biz/royal-ontario-museum-toronto?adjust_creative=dWJeA2crTuyuRlT4LXbwew&utm_campaign=yelp_api_v3&utm_medium=api_v3_business_search&utm_source=dWJeA2crTuyuRlT4LXbwew,"{'latitude': 43.6682441250201, 'longitude': -79.3947601318359}","{'address1': ""100 Queen's Park"", 'address2': '', 'address3': '', 'city': 'Toronto', 'zip_code': 'M5S 2C6', 'country': 'CA', 'state': 'ON', 'display_address': [""100 Queen's Park"", 'Toronto, ON M5S 2C6', 'Canada']}",14165868000,https://s3-media1.fl.yelpcdn.com/bphoto/0t1VXlaMq23qBNuhM9GTlw/o.jpg,NA,
-BbnAc9YEO6pjvJGEtFbVQ,sansotei-toronto,Sansotei,https://www.yelp.com/biz/sansotei-toronto?adjust_creative=dWJeA2crTuyuRlT4LXbwew&utm_campaign=yelp_api_v3&utm_medium=api_v3_business_search&utm_source=dWJeA2crTuyuRlT4LXbwew,"{'latitude': 43.6668190173642, 'longitude': -79.3854692490327}","{'address1': '650 Yonge Street', 'address2': '', 'address3': '', 'city': 'Toronto', 'zip_code': 'M4Y 2A6', 'country': 'CA', 'state': 'ON', 'display_address': ['650 Yonge Street', 'Toronto, ON M4Y 2A6', 'Canada']}",16473493833,https://s3-media1.fl.yelpcdn.com/bphoto/KmDb0ngfVyzrEUx5lxsPJQ/o.jpg,NA,
XrcB7Of1KfHlkeXYpHLIrw,tibet-kitchen-toronto,Tibet Kitchen,https://www.yelp.com/biz/tibet-kitchen-toronto?adjust_creative=dWJeA2crTuyuRlT4LXbwew&utm_campaign=yelp_api_v3&utm_medium=api_v3_business_search&utm_source=dWJeA2crTuyuRlT4LXbwew,"{'latitude': 43.640095, 'longitude': -79.439659}","{'address1': '1544 Queen Street W', 'address2': None, 'address3': '', 'city': 'Toronto', 'zip_code': 'M6R 1A6', 'country': 'CA', 'state': 'ON', 'display_address': ['1544 Queen Street W', 'Toronto, ON M6R 1A6', 'Canada']}",14169138726,https://s3-media3.fl.yelpcdn.com/bphoto/Lf174giflO-mby95G_f20w/o.jpg,NA,
-ICGmF2qUVKdvOehVNgPbg,lamesa-filipino-kitchen-toronto,Lamesa Filipino Kitchen,https://www.yelp.com/biz/lamesa-filipino-kitchen-toronto?adjust_creative=dWJeA2crTuyuRlT4LXbwew&utm_campaign=yelp_api_v3&utm_medium=api_v3_business_search&utm_source=dWJeA2crTuyuRlT4LXbwew,"{'latitude': 43.682297, 'longitude': -79.423948}","{'address1': '634 St Clair Avenue W', 'address2': '', 'address3': '', 'city': 'Toronto', 'zip_code': 'M6C 1A9', 'country': 'CA', 'state': 'ON', 'display_address': ['634 St Clair Avenue W', 'Toronto, ON M6C 1A9', 'Canada']}",16473431110,https://s3-media3.fl.yelpcdn.com/bphoto/gnyWkK7Mba7sL0w79wgHdg/o.jpg,NA,
mBOIef7a4hONEbSi_ai8Bw,beast-restaurant-toronto-2,Beast Restaurant,https://www.yelp.com/biz/beast-restaurant-toronto-2?adjust_creative=dWJeA2crTuyuRlT4LXbwew&utm_campaign=yelp_api_v3&utm_medium=api_v3_business_search&utm_source=dWJeA2crTuyuRlT4LXbwew,"{'latitude': 43.64408, 'longitude': -79.4057799}","{'address1': '96 Tecumseth Street', 'address2': '', 'address3': '', 'city': 'Toronto', 'zip_code': 'M6J 2H1', 'country': 'CA', 'state': 'ON', 'display_address': ['96 Tecumseth Street', 'Toronto, ON M6J 2H1', 'Canada']}",16473526000,https://s3-media2.fl.yelpcdn.com/bphoto/zoIk73jEF5icG7NjUl8I2w/o.jpg,https://thebeastrestaurant.com/gift-certificates/,
j0aiaJkrU-5VgbCsdx-txg,chris-jerk-caribbean-bistro-toronto,Chris Jerk Caribbean Bistro,https://www.yelp.com/biz/chris-jerk-caribbean-bistro-toronto?adjust_creative=dWJeA2crTuyuRlT4LXbwew&utm_campaign=yelp_api_v3&utm_medium=api_v3_business_search&utm_source=dWJeA2crTuyuRlT4LXbwew,"{'latitude': 43.789649473453, 'longitude': -79.3024008755197}","{'address1': '2570 Birchmount Road', 'address2': '', 'address3': '', 'city': 'Toronto', 'zip_code': 'M1T 2M5', 'country': 'CA', 'state': 'ON', 'display_address': ['2570 Birchmount Road', 'Toronto, ON M1T 2M5', 'Canada']}",14162975375,https://s3-media3.fl.yelpcdn.com/bphoto/OdZQzuEBoprSFTcBsxPmZA/o.jpg,NA ,
8I5U8OQ06nSxX2y4PPOWzQ,japango-toronto,Japango,https://www.yelp.com/biz/japango-toronto?adjust_creative=dWJeA2crTuyuRlT4LXbwew&utm_campaign=yelp_api_v3&utm_medium=api_v3_business_search&utm_source=dWJeA2crTuyuRlT4LXbwew,"{'latitude': 43.6551, 'longitude': -79.38524}","{'address1': '122 Elizabeth Street', 'address2': '', 'address3': '', 'city': 'Toronto', 'zip_code': 'M5G 1P5', 'country': 'CA', 'state': 'ON', 'display_address': ['122 Elizabeth Street', 'Toronto, ON M5G 1P5', 'Canada']}",14165995557,https://s3-media1.fl.yelpcdn.com/bphoto/ZN7k0UMkDLM9zKb5fXv1Ig/o.jpg,NA,
KpEu3vvj1ruoID0T3lmD4Q,mira-toronto,Mira,https://www.yelp.com/biz/mira-toronto?adjust_creative=dWJeA2crTuyuRlT4LXbwew&utm_campaign=yelp_api_v3&utm_medium=api_v3_business_search&utm_source=dWJeA2crTuyuRlT4LXbwew,"{'latitude': 43.64417, 'longitude': -79.39639}","{'address1': '420A Wellington Street W', 'address2': None, 'address3': None, 'city': 'Toronto', 'zip_code': 'M5V 1E3', 'country': 'CA', 'state': 'ON', 'display_address': ['420A Wellington Street W', 'Toronto, ON M5V 1E3', 'Canada']}",16479513331,https://s3-media3.fl.yelpcdn.com/bphoto/NQPbUYfeHQrh-9dUEqMnqQ/o.jpg,https://mirarestaurant.com/giftcards/,
IRF1hPi3GuxJ-EpoEpzI7Q,hockey-hall-of-fame-toronto,Hockey Hall of Fame,https://www.yelp.com/biz/hockey-hall-of-fame-toronto?adjust_creative=dWJeA2crTuyuRlT4LXbwew&utm_campaign=yelp_api_v3&utm_medium=api_v3_business_search&utm_source=dWJeA2crTuyuRlT4LXbwew,"{'latitude': 43.6469506219313, 'longitude': -79.3772372096349}","{'address1': 'Brookfield Place', 'address2': '30 Yonge Street', 'address3': '', 'city': 'Toronto', 'zip_code': 'M5E 1X8', 'country': 'CA', 'state': 'ON', 'display_address': ['Brookfield Place', '30 Yonge Street', 'Toronto, ON M5E 1X8', 'Canada']}",14163607765,https://s3-media1.fl.yelpcdn.com/bphoto/Eam2hKBPXhNZXRjEBTtWuA/o.jpg,,
jTZYireK6pnPb6Rni0jygw,wow-sushi-toronto,Wow Sushi,https://www.yelp.com/biz/wow-sushi-toronto?adjust_creative=dWJeA2crTuyuRlT4LXbwew&utm_campaign=yelp_api_v3&utm_medium=api_v3_business_search&utm_source=dWJeA2crTuyuRlT4LXbwew,"{'latitude': 43.6685157490107, 'longitude': -79.3868207931519}","{'address1': '11 Charles Street', 'address2': '', 'address3': '', 'city': 'Toronto', 'zip_code': 'M4Y 1R4', 'country': 'CA', 'state': 'ON', 'display_address': ['11 Charles Street', 'Toronto, ON M4Y 1R4', 'Canada']}",14169231888,https://s3-media3.fl.yelpcdn.com/bphoto/DXO0iFlNIUZqbBwmG1F0xg/o.jpg,NA,
O-b5osM0NO4f31dp6_DatQ,nadege-toronto,Nadege,https://www.yelp.com/biz/nadege-toronto?adjust_creative=dWJeA2crTuyuRlT4LXbwew&utm_campaign=yelp_api_v3&utm_medium=api_v3_business_search&utm_source=dWJeA2crTuyuRlT4LXbwew,"{'latitude': 43.6458059426276, 'longitude': -79.4114097682563}","{'address1': '780 Queen Street W', 'address2': '', 'address3': '', 'city': 'Toronto', 'zip_code': 'M6J 1G2', 'country': 'CA', 'state': 'ON', 'display_address': ['780 Queen Street W', 'Toronto, ON M6J 1G2', 'Canada']}",14162032009,https://s3-media1.fl.yelpcdn.com/bphoto/6kgNwxd1jmOZ5a2Yo6BDrw/o.jpg,https://www.nadege-patisserie.com/shop/master-pastry-class/,
-av1lZI1JDY_RZN2eTMnWg,salad-king-restaurant-toronto-2,Salad King Restaurant,https://www.yelp.com/biz/salad-king-restaurant-toronto-2?adjust_creative=dWJeA2crTuyuRlT4LXbwew&utm_campaign=yelp_api_v3&utm_medium=api_v3_business_search&utm_source=dWJeA2crTuyuRlT4LXbwew,"{'latitude': 43.65766, 'longitude': -79.38164}","{'address1': '340 Yonge Street', 'address2': '', 'address3': '', 'city': 'Toronto', 'zip_code': 'M5B 1R8', 'country': 'CA', 'state': 'ON', 'display_address': ['340 Yonge Street', 'Toronto, ON M5B 1R8', 'Canada']}",14165930333,https://s3-media2.fl.yelpcdn.com/bphoto/UiYWvhPyqhoRNbdorQ3t2w/o.jpg,NA,
b7wUWVV01xaa7E0FUNMDiw,dailo-toronto,DaiLo,https://www.yelp.com/biz/dailo-toronto?adjust_creative=dWJeA2crTuyuRlT4LXbwew&utm_campaign=yelp_api_v3&utm_medium=api_v3_business_search&utm_source=dWJeA2crTuyuRlT4LXbwew,"{'latitude': 43.65574, 'longitude': -79.4098}","{'address1': '503 College Street', 'address2': '', 'address3': '', 'city': 'Toronto', 'zip_code': 'M6G 1A5', 'country': 'CA', 'state': 'ON', 'display_address': ['503 College Street', 'Toronto, ON M6G 1A5', 'Canada']}",16473418882,https://s3-media2.fl.yelpcdn.com/bphoto/6M737rNlR2SqHUkAoU37jg/o.jpg,NA,
_cjPEH9wXhKS-HQe_U3M4Q,le-sélect-bistro-toronto-3,Le Sélect Bistro,https://www.yelp.com/biz/le-s%C3%A9lect-bistro-toronto-3?adjust_creative=dWJeA2crTuyuRlT4LXbwew&utm_campaign=yelp_api_v3&utm_medium=api_v3_business_search&utm_source=dWJeA2crTuyuRlT4LXbwew,"{'latitude': 43.643784032883, 'longitude': -79.39680918669}","{'address1': '432 Wellington Street W', 'address2': '', 'address3': '', 'city': 'Toronto', 'zip_code': 'M5V 1E3', 'country': 'CA', 'state': 'ON', 'display_address': ['432 Wellington Street W', 'Toronto, ON M5V 1E3', 'Canada']}",14165966405,https://s3-media3.fl.yelpcdn.com/bphoto/Q1ffNdVSaYh1NJMHOG4yIw/o.jpg,https://secure.leselect.com/gift_card/giftform.php,
zA6gnF5aPBGoOm6uIbKt-A,yuzu-no-hana-toronto,Yuzu No Hana,https://www.yelp.com/biz/yuzu-no-hana-toronto?adjust_creative=dWJeA2crTuyuRlT4LXbwew&utm_campaign=yelp_api_v3&utm_medium=api_v3_business_search&utm_source=dWJeA2crTuyuRlT4LXbwew,"{'latitude': 43.64847, 'longitude': -79.38834}","{'address1': '236 Adelaide Street W', 'address2': '', 'address3': '', 'city': 'Toronto', 'zip_code': 'M5H 1W7', 'country': 'CA', 'state': 'ON', 'display_address': ['236 Adelaide Street W', 'Toronto, ON M5H 1W7', 'Canada']}",14162059808,https://s3-media3.fl.yelpcdn.com/bphoto/77iVVcXOeiRtNqzgKOaLqA/o.jpg,http://www.yuzunohana.ca/contact.html,
yY3jNsrpCyKTqQuRuLV8gw,cactus-club-cafe-toronto,Cactus Club Cafe,https://www.yelp.com/biz/cactus-club-cafe-toronto?adjust_creative=dWJeA2crTuyuRlT4LXbwew&utm_campaign=yelp_api_v3&utm_medium=api_v3_business_search&utm_source=dWJeA2crTuyuRlT4LXbwew,"{'latitude': 43.6493899, 'longitude': -79.38214}","{'address1': '77 Adelaide Street W', 'address2': '', 'address3': '', 'city': 'Toronto', 'zip_code': 'M5H 1P9', 'country': 'CA', 'state': 'ON', 'display_address': ['77 Adelaide Street W', 'Toronto, ON M5H 1P9', 'Canada']}",16477482025,https://s3-media1.fl.yelpcdn.com/bphoto/WIfNAqRQAHshNZCYfLR8Lg/o.jpg,https://www.cactusclubcafe.com/gift-cards/instant/,
yg_A_TpYkJjr1fef0J6QkQ,konjiki-ramen-toronto,Konjiki Ramen,https://www.yelp.com/biz/konjiki-ramen-toronto?adjust_creative=dWJeA2crTuyuRlT4LXbwew&utm_campaign=yelp_api_v3&utm_medium=api_v3_business_search&utm_source=dWJeA2crTuyuRlT4LXbwew,"{'latitude': 43.76719, 'longitude': -79.41198}","{'address1': '5051 Yonge Street', 'address2': '', 'address3': None, 'city': 'Toronto', 'zip_code': 'M2N 5P2', 'country': 'CA', 'state': 'ON', 'display_address': ['5051 Yonge Street', 'Toronto, ON M2N 5P2', 'Canada']}",16473507766,https://s3-media3.fl.yelpcdn.com/bphoto/BEP1k8bxnMcZUsMVTWX_Rg/o.jpg,,
C6vH0qzmcerMkiJy3VO9qA,estiatorio-volos-toronto,Estiatorio VOLOS,https://www.yelp.com/biz/estiatorio-volos-toronto?adjust_creative=dWJeA2crTuyuRlT4LXbwew&utm_campaign=yelp_api_v3&utm_medium=api_v3_business_search&utm_source=dWJeA2crTuyuRlT4LXbwew,"{'latitude': 43.65016, 'longitude': -79.38477}","{'address1': '133 Richmond St W', 'address2': '', 'address3': '', 'city': 'Toronto', 'zip_code': 'M5H 2L3', 'country': 'CA', 'state': 'ON', 'display_address': ['133 Richmond St W', 'Toronto, ON M5H 2L3', 'Canada']}",14168611211,https://s3-media1.fl.yelpcdn.com/bphoto/fAU3xK_vX_d1QNcct4eAVA/o.jpg,https://rodneysoysterhouse.com/gift-certificates/,
b4LmLgVdbhM-nc1IZc5Weg,rodneys-oyster-house-toronto,Rodney's Oyster House,https://www.yelp.com/biz/rodneys-oyster-house-toronto?adjust_creative=dWJeA2crTuyuRlT4LXbwew&utm_campaign=yelp_api_v3&utm_medium=api_v3_business_search&utm_source=dWJeA2crTuyuRlT4LXbwew,"{'latitude': 43.644948, 'longitude': -79.396846}","{'address1': '469 King Street W', 'address2': '', 'address3': '', 'city': 'Toronto', 'zip_code': 'M5V 1K4', 'country': 'CA', 'state': 'ON', 'display_address': ['469 King Street W', 'Toronto, ON M5V 1K4', 'Canada']}",14163638105,https://s3-media1.fl.yelpcdn.com/bphoto/Zh7CaiCqVS7kCtnMVhY1uQ/o.jpg,https://rodneysoysterhouse.com/gift-certificates/,
35SEr0cPTuoBJ1DYQ686pA,katsuya-toronto-10,Katsuya,https://www.yelp.com/biz/katsuya-toronto-10?adjust_creative=dWJeA2crTuyuRlT4LXbwew&utm_campaign=yelp_api_v3&utm_medium=api_v3_business_search&utm_source=dWJeA2crTuyuRlT4LXbwew,"{'latitude': 43.7899221078355, 'longitude': -79.4184596229012}","{'address1': '6048 Yonge Street', 'address2': '', 'address3': None, 'city': 'Toronto', 'zip_code': 'M2M 3W5', 'country': 'CA', 'state': 'ON', 'display_address': ['6048 Yonge Street', 'Toronto, ON M2M 3W5', 'Canada']}",16477296161,https://s3-media2.fl.yelpcdn.com/bphoto/IiuoVLaHunqV5GGDMmq7XQ/o.jpg,NA,
QNfh79NwsNnl-AngRhg2ww,kingyo-izakaya-toronto,Kingyo Izakaya,https://www.yelp.com/biz/kingyo-izakaya-toronto?adjust_creative=dWJeA2crTuyuRlT4LXbwew&utm_campaign=yelp_api_v3&utm_medium=api_v3_business_search&utm_source=dWJeA2crTuyuRlT4LXbwew,"{'latitude': 43.6658629, 'longitude': -79.3681972}","{'address1': '51B Winchester Street', 'address2': '', 'address3': '', 'city': 'Toronto', 'zip_code': 'M4X 1R7', 'country': 'CA', 'state': 'ON', 'display_address': ['51B Winchester Street', 'Toronto, ON M4X 1R7', 'Canada']}",16477482121,https://s3-media2.fl.yelpcdn.com/bphoto/2xRb7xMlZZvfeGuiuNDtXg/o.jpg,https://www.eventbrite.ca/e/limited-time-only-20-off-on-kingyo-gift-certificate-50-value-tickets-101358471918,
4Jscimulh38Rq2hOgjb2Hg,strange-love-toronto-2,Strange Love,https://www.yelp.com/biz/strange-love-toronto-2?adjust_creative=dWJeA2crTuyuRlT4LXbwew&utm_campaign=yelp_api_v3&utm_medium=api_v3_business_search&utm_source=dWJeA2crTuyuRlT4LXbwew,"{'latitude': 43.6463302208773, 'longitude': -79.395091128185}","{'address1': '101 Spadina Avenue', 'address2': '', 'address3': None, 'city': 'Toronto', 'zip_code': 'M5V 2K2', 'country': 'CA', 'state': 'ON', 'display_address': ['101 Spadina Avenue', 'Toronto, ON M5V 2K2', 'Canada']}",14167924844,https://s3-media1.fl.yelpcdn.com/bphoto/3iRnqr_6P-qreNj7vAbadw/o.jpg,https://member.strangelovecoffee.com/?utm_source=strangeloveca,
41o1FUbCYKJv2djtnlkzlg,bar-raval-toronto,Bar Raval,https://www.yelp.com/biz/bar-raval-toronto?adjust_creative=dWJeA2crTuyuRlT4LXbwew&utm_campaign=yelp_api_v3&utm_medium=api_v3_business_search&utm_source=dWJeA2crTuyuRlT4LXbwew,"{'latitude': 43.6558432, 'longitude': -79.4099433}","{'address1': '505 College Street', 'address2': '', 'address3': '', 'city': 'Toronto', 'zip_code': 'M6G 2J3', 'country': 'CA', 'state': 'ON', 'display_address': ['505 College Street', 'Toronto, ON M6G 2J3', 'Canada']}",16473448001,https://s3-media4.fl.yelpcdn.com/bphoto/vSHLfEfdrQkJJi7mRk4VFw/o.jpg,NA,
7qHU_Zh5qEJP3DaaBHqWBg,saigon-lotus-toronto-3,Saigon Lotus,https://www.yelp.com/biz/saigon-lotus-toronto-3?adjust_creative=dWJeA2crTuyuRlT4LXbwew&utm_campaign=yelp_api_v3&utm_medium=api_v3_business_search&utm_source=dWJeA2crTuyuRlT4LXbwew,"{'latitude': 43.65449, 'longitude': -79.39928}","{'address1': '6 St Andrew Street', 'address2': None, 'address3': '', 'city': 'Toronto', 'zip_code': 'M5T 1K6', 'country': 'CA', 'state': 'ON', 'display_address': ['6 St Andrew Street', 'Toronto, ON M5T 1K6', 'Canada']}",14169011115,https://s3-media3.fl.yelpcdn.com/bphoto/3mJmSz6xg52MJAGEUaYYgw/o.jpg,NA,